Date,IPO_Name,Issue_Size(crores),GMP,QIB,HNI,RII,Total,Offer Price,List Price,Listing Gain,CMP(BSE),CMP(NSE),Current Gains,IPO_Year,IPO_Month,IPO_Quarter,Issue_Size_Log,Subscription_Strength,QIB_Ratio,HNI_Ratio,RII_Ratio,HNI_QIB_Ratio,Issue_Size_Category,Offer_Price_Category,,
2026-05-14 00:00:00,Bagmane Prime Offi...,3405,4,17.09,15.79,0,16.5,100,103.4,3.4,103.92,103.97,3.92,2026,5,2,8.133293861,10.96,1.035757576,0.956969697,0,0.923932124,Large,Low,,
2026-05-08 00:00:00,Onemi Technology S...,925.92,20,24.87,6.57,2.03,9.5,171,191,11.7,231.7,231.74,35.5,2026,5,2,6.831867262,11.15666667,2.617894737,0.6915789474,0.2136842105,0.2641737033,Medium,Low,,
2026-04-29 00:00:00,Citius Transnet In...,1105,3.5,8.54,11.77,0,10.01,100,104.5,4.5,105.87,106.04,5.87,2026,4,2,7.008505182,6.77,0.8531468531,1.175824176,0,1.378220141,Medium,Low,,
2026-04-17 00:00:00,Om Power Transmiss...,150.06,2,3.65,7.06,1.54,3.33,175,181.1,3.49,190.8,190.74,9.03,2026,4,2,5.017677109,4.083333333,1.096096096,2.12012012,0.4624624625,1.934246575,Small,Low,,
2026-04-02 00:00:00,Sai Parenteral's L...,408.79,0,1.71,2.36,0.12,1.05,392,405,3.32,487.1,486.7,24.26,2026,4,2,6.015644833,1.396666667,1.628571429,2.247619048,0.1142857143,1.380116959,Small,Medium,,
2026-04-02 00:00:00,Powerica Ltd,1100,10,4.5,0.44,0.15,1.45,395,375,-5.06,552.75,551.7,39.94,2026,4,2,7.003974137,1.696666667,3.103448276,0.3034482759,0.1034482759,0.09777777778,Medium,Medium,,
2026-04-02 00:00:00,Amir Chand Jagdish...,440,5,1.11,12.71,1.36,3.23,212,195,-8.02,127.15,127.14,-40.02,2026,4,2,6.089044875,5.06,0.3436532508,3.93498452,0.4210526316,11.45045045,Small,Medium,,
2026-03-30 00:00:00,Central Mine Plann...,1841.45,5,3.48,0.35,0.33,1.05,172,162.8,-5.35,234.15,234.17,36.13,2026,3,1,7.518851487,1.386666667,3.314285714,0.3333333333,0.3142857143,0.1005747126,Medium,Low,,
2026-03-24 00:00:00,GSP Crop Science L...,400,2,2.66,3.05,0.4,1.61,320,332.3,3.84,444.4,445.4,38.88,2026,3,1,5.993961427,2.036666667,1.652173913,1.894409938,0.248447205,1.146616541,Small,Medium,,
2026-03-24 00:00:00,RaajMarg Infra Inv...,6000,3.5,11.61,2.55,0,7.49,100,108,8,111,110.99,11,2026,3,1,8.699681401,4.72,1.550066756,0.3404539386,0,0.2196382429,Large,Low,,
2026-03-23 00:00:00,Innovision Ltd,319.25,0,13.75,8.26,0.58,3.32,519,466,-10.21,306.15,306.35,-41.01,2026,3,1,5.769101941,7.53,4.141566265,2.487951807,0.1746987952,0.6007272727,Small,High,,
2026-03-19 00:00:00,Rajputana Stainles...,254.98,3,2.51,2.59,0.27,1.12,122,123.95,1.6,130.7,130.97,7.13,2026,3,1,5.545099316,1.79,2.241071429,2.3125,0.2410714286,1.03187251,Small,Low,,
2026-03-11 00:00:00,Sedemac Mechatroni...,1087.35,18,8.46,0.77,0.2,2.68,1352,1510,11.69,1983.2,1983.3,46.69,2026,3,1,6.992418067,3.143333333,3.156716418,0.2873134328,0.07462686567,0.09101654846,Medium,High,,
2026-03-05 00:00:00,Omnitech Engineeri...,583,-22,2.86,0.73,0.33,1.14,227,205,-9.69,447.7,448.6,97.22,2026,3,1,6.369900983,1.306666667,2.50877193,0.6403508772,0.2894736842,0.2552447552,Medium,Medium,,
2026-03-04 00:00:00,PNGS Reva Diamond ...,379.52,-15,1.04,1.54,1.29,1.23,386,372,-3.63,407.15,407.65,5.48,2026,3,1,5.941538738,1.29,0.8455284553,1.25203252,1.048780488,1.480769231,Small,Medium,,
2026-03-02 00:00:00,Clean Max Enviro E...,3083.83,-37,2.83,0.54,0.06,0.94,1053,952.2,-9.57,1120.6,1120,6.42,2026,3,1,8.034251829,1.143333333,3.010638298,0.5744680851,0.06382978723,0.1908127208,Large,High,,
2026-03-02 00:00:00,Shree Ram Twistex ...,110.24,-20,3.94,220.3,76.63,43.66,104,70,-32.69,43.79,43.86,-57.89,2026,3,1,4.711690029,100.29,0.09024278516,5.04580852,1.755153459,55.91370558,Small,Low,,
2026-02-27 00:00:00,Gaudium IVF and Wo...,165,-4,1.62,14.03,7.55,7.25,79,83,5.06,115.05,115.07,45.63,2026,2,1,5.111987788,7.733333333,0.2234482759,1.935172414,1.04137931,8.660493827,Small,Low,,
2026-02-16 00:00:00,Aye Finance Ltd,1010,0,1.5,0.05,0.77,0.97,129,129,0,140.1,140.43,8.6,2026,2,1,6.918695219,0.7733333333,1.546391753,0.05154639175,0.793814433,0.03333333333,Medium,Low,,
2026-02-16 00:00:00,Fractal Analytics ...,2833.9,0,4.18,1.06,1.03,2.66,900,900,0,916.95,917.5,1.88,2026,2,1,7.949761942,2.09,1.571428571,0.3984962406,0.3872180451,0.2535885167,Large,High,,
2026-01-28 00:00:00,Shadowfax Technolo...,1907.27,-11,3.81,0.84,2.31,2.72,124,113,-8.87,201.45,201.28,62.46,2026,1,1,7.553952351,2.32,1.400735294,0.3088235294,0.8492647059,0.2204724409,Medium,Low,,
2026-01-21 00:00:00,Amagi Media Labs L...,1788.62,-1,33.77,37.36,9.31,30.22,361,317,-12.19,394,393.45,9.14,2026,1,1,7.489758586,26.81333333,1.117471873,1.236267373,0.3080741231,1.106307373,Medium,Medium,,
2026-01-19 00:00:00,Bharat Coking Coal...,1071.11,17.5,310.81,258.02,49.25,146.8,23,45.21,96.57,36.23,36.15,57.52,2026,1,1,6.977383948,206.0266667,2.117234332,1.757629428,0.3354904632,0.83015347,Medium,Low,,
2025-12-30 00:00:00,Gujarat Kidney & S...,250.8,1,1.06,5.73,19.04,5.21,114,120.75,5.92,142.95,143.27,25.39,2025,12,4,5.528635122,8.61,0.2034548944,1.099808061,3.654510557,5.405660377,Small,Low,,
2025-12-23 00:00:00,KSH International ...,644.45,-14,1.06,0.42,0.86,0.83,384,370,-3.65,711.65,712.45,85.33,2025,12,4,6.469947748,0.78,1.277108434,0.5060240964,1.036144578,0.3962264151,Medium,Medium,,
2025-12-19 00:00:00,ICICI Prudential A...,10602.7,530,123.87,22.04,2.53,39.17,2165,2606.2,20.38,3230.95,3229.8,49.24,2025,12,4,9.268958276,49.48,3.16236916,0.562675517,0.06459024764,0.1779284734,Large,High,,
2025-12-17 00:00:00,Nephrocare Health ...,871.05,40,27.47,24.27,2.31,13.96,460,491.7,6.89,607.5,607.5,32.07,2025,12,4,6.770846762,18.01666667,1.967765043,1.738538682,0.1654727794,0.8835092829,Medium,Medium,,
2025-12-17 00:00:00,Park Medi World Lt...,920,5,11.48,15.15,3.16,8.1,162,155.6,-3.95,259.45,259.19,60.15,2025,12,4,6.825460036,9.93,1.417283951,1.87037037,0.3901234568,1.319686411,Medium,Low,,
2025-12-15 00:00:00,Wakefit Innovation...,1288.89,4,3.04,1.05,3.17,2.52,195,0,,134.2,134.51,-31.18,2025,12,4,7.162312222,2.42,1.206349206,0.4166666667,1.257936508,0.3453947368,Medium,Low,,
2025-12-15 00:00:00,Corona Remedies Lt...,655.37,340,278.52,208.88,28.73,137.04,1062,1452,36.72,1682.3,1684.6,58.41,2025,12,4,6.486724654,172.0433333,2.032399299,1.524226503,0.2096468184,0.7499640959,Medium,High,,
2025-12-10 00:00:00,Aequs Ltd,922.01,28,120.92,80.62,78.05,101.63,124,140,12.9,212.4,212.48,71.29,2025,12,4,6.827640069,93.19666667,1.18980616,0.7932697038,0.7679818951,0.6667217995,Medium,Low,,
2025-12-10 00:00:00,Meesho Ltd,5421.2,43,120.18,38.15,19.04,79.02,111,161.2,45.23,199.15,199.01,79.41,2025,12,4,8.598256916,59.12333333,1.52088079,0.4827891673,0.2409516578,0.3174405059,Large,Low,,
2025-12-10 00:00:00,Vidya Wires Ltd,300.01,4,5.12,51.98,27.86,26.59,52,52.13,0.25,88.96,88.79,71.08,2025,12,4,5.707143487,28.32,0.1925535916,1.954870252,1.047762317,10.15234375,Small,Low,,
2025-11-28 00:00:00,Sudeep Pharma Ltd,895,115,213.08,116.72,15.65,93.72,593,733.95,23.77,671.65,673.35,13.26,2025,11,4,6.797940413,115.15,2.273580879,1.245411865,0.1669867691,0.5477754834,Medium,High,,
2025-11-26 00:00:00,Excelsoft Technolo...,500,7,47.55,101.69,15.62,43.19,120,135,12.5,98.51,98.38,-17.91,2025,11,4,6.216606101,54.95333333,1.100949294,2.354480204,0.3616577912,2.138590957,Small,Low,,
2025-11-21 00:00:00,Capillary Technolo...,877.5,60,57.27,69.84,15.82,52.95,577,560,-2.95,516.15,516.3,-10.55,2025,11,4,6.778215908,47.64333333,1.081586402,1.31898017,0.2987724268,1.219486642,Medium,High,,
2025-11-20 00:00:00,Fujiyama Power Sys...,828,1,5.15,0.88,1,2.14,228,218.4,-4.21,270.1,270.3,18.46,2025,11,4,6.720220155,2.343333333,2.406542056,0.4112149533,0.4672897196,0.1708737864,Medium,Medium,,
2025-11-19 00:00:00,Tenneco Clean Air ...,3600,102,166.42,40.74,5.11,58.83,397,498,25.44,594,594.15,49.62,2025,11,4,8.188966864,70.75666667,2.828828829,0.6925038246,0.08686044535,0.2448023074,Large,Medium,,
2025-11-18 00:00:00,Physicswallah Ltd,3480,14,2.7,0.48,1.06,1.81,109,143.1,31.28,109.85,109.62,0.78,2025,11,4,8.155074888,1.413333333,1.491712707,0.2651933702,0.5856353591,0.1777777778,Large,Low,,
2025-11-18 00:00:00,Emmvee Photovoltai...,2900,0,1.26,0.3,1.1,0.97,217,217,0,264.05,264.3,21.68,2025,11,4,7.972810784,0.8866666667,1.298969072,0.3092783505,1.134020619,0.2380952381,Large,Medium,,
2025-11-14 00:00:00,Pine Labs Ltd,3899.91,5,4,0.29,1.2,2.46,221,242,9.5,142.8,142.84,-35.38,2025,11,4,8.268965138,1.83,1.62601626,0.1178861789,0.487804878,0.0725,Large,Medium,,
2025-11-12 00:00:00,Billionbrains Gara...,6632.3,14,22.02,14.2,9.43,17.6,100,114,14,187.8,187.79,87.8,2025,11,4,8.799857697,15.21666667,1.251136364,0.8068181818,0.5357954545,0.6448683015,Large,Low,,
2025-11-10 00:00:00,Lenskart Solutions...,7278.02,15,40.35,18.23,7.54,28.26,402,390,-2.99,513.8,513.95,27.81,2025,11,4,8.892751517,22.04,1.427813163,0.6450813871,0.2668082095,0.4517967782,Large,Medium,,
2025-11-07 00:00:00,Studds Accessories...,455.49,50,159.99,76.99,22.09,73.25,585,570,-2.56,446.55,447.7,-23.67,2025,11,4,6.123566794,86.35666667,2.184163823,1.05105802,0.3015699659,0.4812175761,Small,High,,
2025-11-06 00:00:00,Orkla India Ltd,1667.54,65,117.63,54.42,7.05,48.73,730,751.5,2.95,632.95,634.2,-13.29,2025,11,4,7.419704272,59.7,2.4139134,1.116765853,0.1446747384,0.4626370824,Medium,High,,
2025-10-24 00:00:00,Midwest Ltd,451,115,139.87,168.07,24.26,87.89,1065,1165.1,9.4,1316.1,1316.8,23.58,2025,10,4,6.11368218,110.7333333,1.591421095,1.91227671,0.2760268517,1.201615786,Small,High,,
2025-10-17 00:00:00,Canara HSBC Life I...,2517.5,3,7.05,0.33,0.42,2.29,106,106,0,139.1,139.05,31.23,2025,10,4,7.831418765,2.6,3.07860262,0.1441048035,0.1834061135,0.04680851064,Large,Low,,
2025-10-16 00:00:00,Canara Robeco Asse...,1326.13,20,25.92,6.45,1.91,9.74,266,280.25,5.36,239.75,239.4,-9.87,2025,10,4,7.190773995,11.42666667,2.661190965,0.6622176591,0.1960985626,0.2488425926,Medium,Medium,,
2025-10-16 00:00:00,Rubicon Research L...,1377.5,145,130.26,97.61,35.47,103.9,485,620.1,27.86,951.2,949.75,96.12,2025,10,4,7.22875123,87.78,1.253705486,0.9394610202,0.341385948,0.7493474589,Medium,Medium,,
2025-10-14 00:00:00,LG Electronics Ind...,11607,420,166.51,22.44,3.54,54.02,1140,1715,50.44,1489.75,1490.5,30.68,2025,10,4,9.359449795,64.16333333,3.082376897,0.4154017031,0.06553128471,0.1347666807,Large,High,,
2025-10-16 00:00:00,Anantam Highways T...,400,3,2.49,7.29,0,4.67,100,103.02,3.02,105.5,105.37,5.5,2025,10,4,5.993961427,3.26,0.5331905782,1.561027837,0,2.927710843,Small,Low,,
2025-10-13 00:00:00,Tata Capital Ltd,15511.9,1,3.42,1.98,1.1,1.95,326,330,1.23,299.95,299.7,-7.99,2025,10,4,9.649427215,2.166666667,1.753846154,1.015384615,0.5641025641,0.5789473684,Large,Medium,,
2025-10-10 00:00:00,Wework India Manag...,3000,0,1.79,0.23,0.61,1.15,648,0,,566,565.1,-12.65,2025,10,4,8.006700845,0.8766666667,1.556521739,0.2,0.5304347826,0.1284916201,Large,High,,
2025-10-08 00:00:00,Advance Agrolife L...,192.86,13,27.31,175.3,23.06,56.85,100,113,13,104.75,104.34,4.75,2025,10,4,5.267136249,75.22333333,0.4803869833,3.08355321,0.4056288478,6.418894178,Small,Low,,
2025-10-07 00:00:00,Fabtech Technologi...,230.35,0,2.02,1.97,2.08,2.03,191,191,0,151.15,151.14,-20.86,2025,10,4,5.443931715,2.023333333,0.9950738916,0.9704433498,1.024630542,0.9752475248,Small,Low,,
2025-10-07 00:00:00,Glottis Ltd,307,0,1.87,2.97,1.42,2.05,129,88,-31.78,69.11,69.43,-46.43,2025,10,4,5.730099783,2.086666667,0.912195122,1.448780488,0.6926829268,1.588235294,Small,Low,,
2025-10-08 00:00:00,Om Freight Forward...,122.31,0,3.97,7.39,2.75,3.87,135,82.5,-38.89,88.58,89.06,-34.39,2025,10,4,4.81470151,4.703333333,1.025839793,1.909560724,0.7105943152,1.861460957,Small,Low,,
2025-10-06 00:00:00,Pace Digitek Ltd,819.35,13,1.6,2.9,1.03,1.59,219,226.85,3.58,190.1,190.26,-13.2,2025,10,4,6.709731078,1.843333333,1.006289308,1.823899371,0.6477987421,1.8125,Medium,Medium,,
2025-10-03 00:00:00,Jinkushal Industri...,116.15,21,35.66,146.39,47.1,65.1,121,125,3.31,86,84.47,-28.93,2025,10,4,4.763455165,76.38333333,0.5477726575,2.248694316,0.7235023041,4.105159843,Small,Low,,
2025-10-03 00:00:00,TruAlt Bioenergy L...,839.28,96,159.22,98.56,11,71.92,496,550,10.89,495,495.1,-0.2,2025,10,4,6.73373517,89.59333333,2.213848721,1.370411568,0.1529477197,0.6190177113,Medium,Medium,,
2025-10-01 00:00:00,Jain Resource Recy...,1250,14,25.29,5.3,3.62,15.9,232,265.25,14.33,385.6,384.85,66.21,2025,10,4,7.13169851,11.40333333,1.590566038,0.3333333333,0.227672956,0.2095689996,Medium,Medium,,
2025-10-01 00:00:00,EPack Prefab Techn...,504,-18,5.1,3.68,1.69,3.07,204,186.1,-8.77,189.35,189.38,-7.18,2025,10,4,6.224558429,3.49,1.661237785,1.198697068,0.5504885993,0.7215686275,Medium,Medium,,
2025-10-01 00:00:00,BMW Ventures Ltd,231.66,-19,3.09,3.03,0.99,1.5,99,80,-19.19,60.92,60.8,-38.46,2025,10,4,5.44957816,2.37,2.06,2.02,0.66,0.9805825243,Small,Low,,
2025-09-30 00:00:00,Anand Rathi Share ...,745,31,43.8,28.6,4.78,20.66,414,432.1,4.37,527.35,527.5,27.38,2025,9,3,6.6147256,25.72666667,2.120038722,1.384317522,0.2313649564,0.6529680365,Medium,Medium,,
2025-09-30 00:00:00,Seshaasai Technolo...,813.07,41,189.63,49.89,9.17,68.13,423,436,3.07,264.5,265.9,-37.47,2025,9,3,6.702046357,82.89666667,2.78335535,0.7322765302,0.134595626,0.263091283,Medium,Medium,,
2025-09-30 00:00:00,Solarworld Energy ...,490,39,70.43,64.73,49.15,65.01,351,389,10.83,221.4,221.06,-36.92,2025,9,3,6.196444128,61.43666667,1.083371789,0.9956929703,0.7560375327,0.9190685787,Small,Medium,,
2025-09-30 00:00:00,Jaro Institute of ...,450,46,35.35,35.48,8.71,22.06,890,890,0,581.8,581.05,-34.63,2025,9,3,6.11146734,26.51333333,1.602447869,1.608340888,0.3948322756,1.003677511,Small,High,,
2025-09-29 00:00:00,Atlanta Electrical...,687.85,106,194.92,54.2,10.42,70.63,754,858.1,13.81,1667.35,1668.8,121.13,2025,9,3,6.53502354,86.51333333,2.759733824,0.7673793006,0.1475293785,0.278062795,Medium,High,,
2025-09-29 00:00:00,Ganesh Consumer Pr...,408.8,-27,4.18,4.34,1.15,2.67,322,295,-8.39,209.25,209.33,-35.02,2025,9,3,6.015669236,3.223333333,1.565543071,1.625468165,0.4307116105,1.038277512,Small,Medium,,
2025-09-26 00:00:00,GK Energy Ltd,464.26,19,186.29,122.73,20.79,89.62,153,165,7.84,125.65,125.56,-17.88,2025,9,3,6.142596389,109.9366667,2.078665476,1.369448784,0.2319794689,0.6588115304,Small,Low,,
2025-09-26 00:00:00,Saatvik Green Ener...,900,11,10.84,10.04,2.66,6.57,465,460,-1.08,431.2,432.3,-7.27,2025,9,3,6.803505258,7.846666667,1.649923896,1.528158295,0.404870624,0.926199262,Medium,Medium,,
2025-09-25 00:00:00,Ivalue Infosolutio...,560.29,0,3.18,1.26,1.28,1.82,299,285,-4.68,243.55,244.55,-18.55,2025,9,3,6.330237706,1.906666667,1.747252747,0.6923076923,0.7032967033,0.3962264151,Medium,Medium,,
2025-09-24 00:00:00,VMS TMT Ltd,148.5,13,120.8,227.09,47.88,102.26,99,105,6.06,47.81,47.77,-51.71,2025,9,3,5.007296393,131.9233333,1.181302562,2.220711911,0.4682182672,1.879884106,Small,Low,,
2025-09-23 00:00:00,Euro Pratik Sales ...,451.31,11,1.05,1.92,1.23,1.34,247,273.45,10.71,257.75,259.6,4.35,2025,9,3,6.114367785,1.4,0.7835820896,1.432835821,0.9179104478,1.828571429,Small,Medium,,
2025-09-17 00:00:00,Dev Accelerator Lt...,143.35,3,20.3,87.97,164.72,63.97,61,61.3,0.49,39.29,39.05,-35.59,2025,9,3,4.972240906,90.99666667,0.3173362514,1.375175864,2.574957011,4.333497537,Small,Low,,
2025-09-17 00:00:00,Shringar House of ...,400.95,27,101.41,82.58,27.22,60.29,165,187.7,13.76,213.3,212.66,29.27,2025,9,3,5.996327703,70.40333333,1.682036822,1.369713054,0.4514844916,0.8143181146,Small,Low,,
2025-09-17 00:00:00,Urban Company Ltd,1900,49,140.2,74.04,39.25,103.63,103,161,56.31,120.05,120.03,16.55,2025,9,3,7.550135342,84.49666667,1.35289009,0.7144649233,0.3787513268,0.5281027104,Medium,Low,,
2025-09-09 00:00:00,Amanta Healthcare ...,126,6,35.86,209.42,54.98,82.61,126,134,6.35,129.05,130.09,2.42,2025,9,3,4.844187086,100.0866667,0.4340878828,2.535044184,0.6655368599,5.839933073,Small,Low,,
2025-09-03 00:00:00,Anlon Healthcare L...,121.03,1,1.07,10.61,47.29,7.12,91,91,0,13.89,13.91,-84.74,2025,9,3,4.804266916,19.65666667,0.1502808989,1.490168539,6.641853933,9.91588785,Small,Low,,
2025-09-03 00:00:00,Vikran Engineering...,772,6,19.45,58.58,10.97,23.59,97,99.7,2.78,64.8,64.8,-33.2,2025,9,3,6.650279049,29.66666667,0.8245019076,2.483255617,0.465027554,3.011825193,Medium,Low,,
2025-08-28 00:00:00,Mangal Electrical ...,400,0,10.54,18.79,4.84,9.46,561,558,-0.53,315.65,315.85,-43.73,2025,8,3,5.993961427,11.39,1.114164905,1.986257928,0.511627907,1.782732448,Small,High,,
2025-08-26 00:00:00,Gem Aromatics Ltd,451.25,34,55.28,45.06,10.31,30.27,325,325,0,156.45,157.1,-51.86,2025,8,3,6.114235124,36.88333333,1.826230591,1.488602577,0.3406012554,0.8151230101,Small,Medium,,
2025-08-26 00:00:00,Shreeji Shipping G...,410.71,28,110.41,72.7,21.94,58.1,252,271.85,7.88,453.65,450.1,80.02,2025,8,3,6.020319218,68.35,1.900344234,1.251290878,0.3776247849,0.6584548501,Small,Medium,,
2025-08-26 00:00:00,Patel Retail Ltd,242.76,53,272.43,108.18,42.49,95.7,255,305,19.61,198.05,198.24,-22.33,2025,8,3,5.496184135,141.0333333,2.846708464,1.130407524,0.4439916405,0.3970928312,Small,Medium,,
2025-08-26 00:00:00,Vikram Solar Ltd,2079.37,36,142.79,50.9,7.65,54.63,332,340,2.41,200,199.82,-39.76,2025,8,3,7.640301041,67.11333333,2.61376533,0.9317224968,0.1400329489,0.3564675397,Large,Medium,,
2025-08-20 00:00:00,Regaal Resources L...,306,31,190.97,356.73,57.75,159.88,102,141.8,39.02,86.85,87.42,-14.85,2025,8,3,5.726847748,201.8166667,1.194458344,2.231235927,0.3612084063,1.867989737,Small,Low,,
2025-08-19 00:00:00,Bluestone Jeweller...,1540.65,0,4.28,0.55,1.35,2.7,517,508.8,-1.59,474.75,474.5,-8.17,2025,8,3,7.34060855,2.06,1.585185185,0.2037037037,0.5,0.1285046729,Medium,High,,
2025-08-14 00:00:00,JSW Cement Ltd,3600,6,15.8,10.97,1.81,7.77,147,153,4.08,137.9,137.99,-6.19,2025,8,3,8.188966864,9.526666667,2.033462033,1.411840412,0.2329472329,0.6943037975,Large,Low,,
2025-08-14 00:00:00,All Time Plastics ...,400.6,10,10.15,13.47,5.14,8.34,275,314.3,14.29,245.8,243.36,-10.62,2025,8,3,5.995456568,9.586666667,1.217026379,1.615107914,0.6163069544,1.327093596,Small,Medium,,
2025-08-12 00:00:00,Highway Infrastruc...,130,24,420.57,447.32,155.58,300.61,70,117,67.14,48.95,48.25,-30.07,2025,8,3,4.875197323,341.1566667,1.399055254,1.488040983,0.5175476531,1.063604156,Small,Low,,
2025-08-18 00:00:00,Knowledge Realty T...,4800,4,6.75,15.51,0,10.73,100,104,4,116.84,116.67,16.84,2025,8,3,8.476579509,7.42,0.6290773532,1.445479963,0,2.297777778,Large,Low,,
2025-08-06 00:00:00,M & B Engineering Ltd,650,45,36.72,38.24,32.55,36.2,385,386,0.26,426.85,426.15,10.87,2025,8,3,6.478509642,35.83666667,1.014364641,1.056353591,0.8991712707,1.041394336,Medium,Medium,,
2025-08-06 00:00:00,Sri Lotus Developers & Realty Ltd,792,32,163.9,57.71,20.28,69.14,150,179.1,19.4,201.1,199.72,34.07,2025,8,3,6.675823222,80.63,2.370552502,0.8346832514,0.2933179057,0.352104942,Medium,Low,,
2025-08-06 00:00:00,National Securities Depository Ltd (NSDL),4011.6,124,103.97,34.98,7.73,41.01,800,880,10,1294.05,61.76,,2025,8,3,8.297194689,48.89333333,2.535235308,0.852962692,0.188490612,0.3364432048,Large,High,,
2025-08-05 00:00:00,Aditya Infotech Ltd,1300,307,133.21,72,50.87,100.69,675,1018,50.81,1064.6,1062.7,57.72,2025,8,3,7.170888479,85.36,1.322971497,0.7150660443,0.5052140232,0.5404999625,Medium,High,,
2025-08-05 00:00:00,Laxmi India Finance Ltd,254.26,-22,1.3,1.84,2.22,1.87,158,136,-13.92,149,150,-5.7,2025,8,3,5.542282634,1.786666667,0.6951871658,0.9839572193,1.187165775,1.415384615,Small,Low,,
2025-08-01 00:00:00,Shanti Gold International Ltd,360.11,39,117.33,151.48,30.37,81.17,199,229.1,15.13,254,255.9,27.64,2025,8,3,5.889182621,99.72666667,1.445484785,1.866206727,0.3741530122,1.291059405,Small,Low,,
2025-07-31 00:00:00,Brigade Hotel Ventures Limited,759.6,0,5.42,1.92,6.4,4.48,90,82,-8.89,85.95,86,-4.5,2025,7,3,6.634107595,4.58,1.209821429,0.4285714286,1.428571429,0.3542435424,Medium,Low,,
2025-07-30 00:00:00,GNG Electronics Limited,460.44,96,266.21,227.67,46.84,147.93,237,350,47.68,321.2,321.95,35.53,2025,7,3,6.134352035,180.24,1.799567363,1.539038735,0.3166362469,0.8552270764,Small,Medium,,
2025-07-30 00:00:00,Indiqube Spaces Limited,700,2,14.35,8.27,12.9,12.41,237,218.7,-7.72,216.3,216.33,-8.73,2025,7,3,6.552507887,11.84,1.156325544,0.6663980661,1.039484287,0.5763066202,Medium,Medium,,
2025-07-21 00:00:00,Anthem Biosciences Limited,3395,174,182.65,42.36,5.64,63.86,570,723.1,26.86,753.15,754.8,32.13,2025,7,3,8.130353547,76.88333333,2.860162856,0.6633260257,0.08831819605,0.2319189707,Large,High,,
2025-07-17 00:00:00,Smartworks Coworking Limited,582.56,26,24.41,22.78,3.53,13.45,407,436.1,7.15,462.3,461.2,13.59,2025,7,3,6.369147274,16.90666667,1.814869888,1.693680297,0.2624535316,0.9332240885,Medium,Medium,,
2025-07-14 00:00:00,Travel Food Services Limited,2000,36,7.7,1.58,0.69,2.88,1100,1126.2,2.38,1148.15,1148,4.38,2025,7,3,7.601402335,3.323333333,2.673611111,0.5486111111,0.2395833333,0.2051948052,Medium,High,,
2025-07-09 00:00:00,Crizac Limited,860,40,134.35,76.15,10.24,59.82,245,280,14.29,298.35,299.5,21.78,2025,7,3,6.758094504,73.58,2.24590438,1.272985624,0.1711802073,0.5668031262,Medium,Medium,,
2025-07-03 00:00:00,Indogulf Cropsciences Limited,200,14,33.26,48.39,14.78,25.98,111,111,0,106.9,106.88,-3.69,2025,7,3,5.303304908,32.14333333,1.28021555,1.862586605,0.5688991532,1.454900782,Small,Low,,
2025-07-02 00:00:00,HDB Financial Services Limited,12500,71,55.47,9.99,1.41,16.69,740,835,12.84,741.9,741.65,0.26,2025,7,3,9.43356392,22.29,3.323547034,0.5985620132,0.08448172558,0.1800973499,Large,High,140 (0.00%),0
2025-07-02 00:00:00,Sambhv Steel Tubes Limited,540,14,62.32,31.82,7.99,28.46,82,110.1,34.27,120.8,120.61,47.32,2025,7,3,6.293419279,34.04333333,2.189739986,1.118060436,0.2807449051,0.5105905006,Medium,Low,,
2025-07-01 00:00:00,Globe Civil Projects Limited,119,24,99.76,143.15,53.72,86.04,71,91.1,28.31,81.33,81.29,14.55,2025,7,3,4.787491743,98.87666667,1.159460716,1.663761041,0.6243607624,1.434943865,Small,Low,,
2025-07-01 00:00:00,Kalpataru Limited,1590,0,3.12,1.31,1.29,2.26,414,414.1,0.02,408.7,408.25,-1.28,2025,7,3,7.372118028,1.906666667,1.380530973,0.5796460177,0.5707964602,0.4198717949,Medium,Medium,,
2025-07-01 00:00:00,Ellenbarrie Industrial Gases Limited,852.53,57,64.23,15.21,2.14,22.19,400,492,23,522.4,520.75,30.6,2025,7,3,6.749380691,27.19333333,2.894547093,0.6854438936,0.09643983776,0.2368052312,Medium,Medium,,
2025-06-25 00:00:00,Arisinfra Solutions Limited,499.6,-13,1.42,3.14,5.59,2.65,222,209.1,-5.81,149.2,147.99,-32.79,2025,6,2,6.215807379,3.383333333,0.5358490566,1.18490566,2.109433962,2.211267606,Small,Medium,,
2025-06-20 00:00:00,Oswal Pumps Limited,1387.34,45,88.08,36.7,3.6,34.42,614,632,2.93,763.8,763.1,24.4,2025,6,2,7.235864068,42.79333333,2.558977339,1.066240558,0.1045903544,0.4166666667,Medium,High,,
2025-06-04 00:00:00,Scoda Tubes Limited,220,20,69.51,113.03,19.4,53.78,140,140,0,184.1,184.44,31.5,2025,6,2,5.398162702,67.31333333,1.292487914,2.101710673,0.3607288955,1.626096964,Small,Low,,
2025-06-03 00:00:00,Prostarm Info Systems Limited,168,20,104.49,222.14,39.49,97.2,105,125,19.05,210.95,209.42,100.9,2025,6,2,5.129898715,122.04,1.075,2.285390947,0.4062757202,2.125945067,Small,Low,,
2025-06-02 00:00:00,Aegis Vopak Terminals Limited,2800,-15,3.3,0.56,0.77,2.09,235,220,-6.38,241.8,240.69,2.89,2025,6,2,7.937731775,1.543333333,1.578947368,0.2679425837,0.3684210526,0.1696969697,Large,Medium,,
2025-06-02 00:00:00,Schloss Bangalore Limited,3500,-28,7.46,1.02,0.83,4.5,435,406.5,-6.55,438.45,438.3,0.79,2025,6,2,8.160803921,3.103333333,1.657777778,0.2266666667,0.1844444444,0.1367292225,Large,Medium,,
2025-05-28 00:00:00,Belrise Industries Limited,2150,24,108.35,38.33,4.27,41.3,90,98.5,9.44,137,136.18,52.22,2025,5,2,7.673688129,50.31666667,2.623486683,0.9280871671,0.1033898305,0.3537609599,Large,Low,,
2025-05-27 00:00:00,Borana Weaves Limited,144.89,43,87.21,237.42,200.53,148.78,216,243,12.5,220.8,219.81,2.22,2025,5,2,4.982852913,175.0533333,0.5861674956,1.595779003,1.347829009,2.722394221,Small,Medium,,
2025-05-06 00:00:00,Ather Energy Limited,2980.8,5,1.7,0.66,1.78,1.43,321,326.05,1.57,411.55,410.4,28.21,2025,5,2,8.000282424,1.38,1.188811189,0.4615384615,1.244755245,0.3882352941,Large,Medium,,
2025-02-24 00:00:00,Quality Power Electronics Limited,858.7,5,1.03,1.45,1.83,1.29,425,432.05,1.66,804.7,805.8,89.34,2025,2,1,6.756583491,1.436666667,0.7984496124,1.124031008,1.418604651,1.40776699,Medium,Medium,,
2025-02-19 00:00:00,Hexaware Technologies Limited,8750,23,9.09,0.2,0.11,2.66,708,731,3.25,708.95,707.5,0.13,2025,2,1,9.076923259,3.133333333,3.417293233,0.07518796992,0.04135338346,0.02200220022,Large,High,,
2025-02-17 00:00:00,Ajax Engineering Limited,1268.88,5,14.41,6.46,1.92,6.44,629,593,-5.72,717.3,715.65,14.04,2025,2,1,7.146677687,7.596666667,2.23757764,1.00310559,0.298136646,0.4482997918,Medium,High,,
2025-02-04 00:00:00,Dr Agarwal's Healthcare Limited,3027.26,-5,4.64,0.4,0.41,1.55,402,396.9,-1.27,451.5,452.85,12.31,2025,2,1,8.015743476,1.816666667,2.993548387,0.2580645161,0.264516129,0.08620689655,Large,Medium,,
2025-01-29 00:00:00,Denta Water & Infrastructure Limited,220.5,75,236.94,507.27,90.56,221.68,294,330,12.24,316.05,315,7.5,2025,1,1,5.400422589,278.2566667,1.068837965,2.288298448,0.4085167809,2.140921752,Small,Medium,,
2025-01-23 00:00:00,Stallion India Fluorochem Limited,199.45,30,172.93,422.42,96.89,188.37,90,120,33.33,123.8,122.86,37.56,2025,1,1,5.300564839,230.7466667,0.9180336572,2.24250146,0.5143600361,2.442722489,Small,Low,,
2025-01-20 00:00:00,Laxmi Dental Limited,698.06,145,110.38,147.95,76.24,114.42,428,528,23.36,398.05,400.4,-7,2025,1,1,6.549736575,111.5233333,0.9646914875,1.293043174,0.6663170774,1.340369632,Medium,Medium,,
2025-01-17 00:00:00,Capital Infra Trust,1578,0,0.58,4.24,0,2.23,99,99,0,78.98,78.99,-20.22,2025,1,1,7.364547014,1.606666667,0.2600896861,1.901345291,0,7.310344828,Medium,Low,,
2025-01-14 00:00:00,Quadrant Future Tek Limited,290,110,132.54,254.71,246.94,186.66,290,374,28.97,384.2,382.6,32.48,2025,1,1,5.673323267,211.3966667,0.7100610736,1.364566592,1.322940105,1.921759469,Small,Medium,,
2025-01-13 00:00:00,Standard Glass Lining Technology Limited,410.05,50,331.6,268.5,64.99,183.18,140,176,25.71,165.8,168,18.43,2025,1,1,6.018714862,221.6966667,1.810241293,1.465771372,0.3547876406,0.8097104946,Small,Low,,
2025-01-07 00:00:00,Indo Farm Equipment Limited,260.15,80,242.4,503.83,104.92,229.68,215,258.4,20.19,210.5,209.8,-2.09,2025,1,1,5.565094955,283.7166667,1.0553814,2.193617207,0.4568094741,2.078506601,Small,Medium,,
2024-12-31 00:00:00,Unimech Aerospace and Manufacturing Limited,500,625,317.63,263.78,56.74,175.31,785,1491,89.94,1097,1099.9,39.75,2024,12,4,6.216606101,212.7166667,1.811819063,1.504648908,0.3236552393,0.8304631175,Small,High,,
2024-12-30 00:00:00,Ventive Hospitality Limited,1600,85,9.08,13.85,5.87,9.8,643,718.15,11.69,744.25,741.15,15.75,2024,12,4,7.378383713,9.6,0.9265306122,1.413265306,0.5989795918,1.525330396,Medium,High,,
2024-12-30 00:00:00,Carraro India Limited,1250,10,2.21,0.6,0.71,1.12,704,660,-6.25,416.95,416.4,-40.77,2024,12,4,7.13169851,1.173333333,1.973214286,0.5357142857,0.6339285714,0.2714932127,Medium,High,,
2024-12-30 00:00:00,Senores Pharmaceuticals Limited,582.11,280,94.66,96.11,89.23,93.41,391,593.7,51.84,660.55,661,68.94,2024,12,4,6.368375848,93.33333333,1.013381865,1.028904828,0.9552510438,1.01531798,Medium,Medium,,
2024-12-27 00:00:00,Transrail Lighting Limited,838.91,165,201.06,76.41,22.07,80.8,432,585.15,35.45,787.2,782.85,82.22,2024,12,4,6.733294743,99.84666667,2.488366337,0.9456683168,0.2731435644,0.3800358102,Medium,Medium,,
2024-12-27 00:00:00,Dam Capital Advisors Limited,840.25,143,166.33,98.62,27.13,82.08,283,392.9,38.83,219.7,218.93,-22.37,2024,12,4,6.734888881,97.36,2.026437622,1.201510721,0.3305311891,0.5929176937,Medium,Medium,,
2024-12-27 00:00:00,Mamata Machinery Limited,179.35,260,235.88,274.38,138.08,194.95,243,600,146.91,423.1,422.7,74.12,2024,12,4,5.194899407,216.1133333,1.20995127,1.407437805,0.7082841754,1.163218586,Small,Medium,,
2024-12-27 00:00:00,Sanathan Textiles Limited,550,94,75.62,42.21,8.93,35.12,321,419.1,30.56,460.4,458.35,43.43,2024,12,4,6.311734809,42.25333333,2.153189066,1.201879271,0.2542710706,0.5581856652,Medium,Medium,,
2024-12-27 00:00:00,Concord Enviro Systems Limited,500.33,100,17.32,14.2,5.56,10.67,701,832,18.69,537.35,541.1,-23.35,2024,12,4,6.217264567,12.36,1.623242737,1.330834114,0.5210871603,0.8198614319,Medium,High,,
2024-12-20 00:00:00,International Gemmological Institute (India) Limited,4225,85,45.8,24.84,11.21,33.78,417,504.85,21.07,336.9,337.35,-19.21,2024,12,4,8.349011198,27.28333333,1.355831853,0.7353463588,0.3318531676,0.5423580786,Large,Medium,,
2024-12-19 00:00:00,Inventurus Knowledge Solutions Limited,2497.92,415,80.64,23.25,14.55,52.68,1329,1856,39.65,1582.55,1578.2,19.08,2024,12,4,7.823613918,39.48,1.530751708,0.4413439636,0.2761958998,0.2883184524,Large,High,,
2024-12-18 00:00:00,Vishal Mega Mart Limited,8000,20,80.75,14.25,2.31,27.28,78,110,41.03,142.2,141.26,82.31,2024,12,4,8.987321813,32.43666667,2.960043988,0.5223607038,0.08467741935,0.1764705882,Large,Low,,
2024-12-18 00:00:00,One Mobikwik Systems Limited,572,160,119.5,108.95,134.67,119.38,279,442.25,58.51,230.35,229.41,-17.44,2024,12,4,6.350885717,121.04,1.001005193,0.9126319316,1.128078405,0.9117154812,Medium,Medium,,
2024-12-18 00:00:00,Sai Life Sciences Limited,3042.62,110,30.93,4.92,1.37,10.26,549,660,20.22,884.1,878.1,61.04,2024,12,4,8.020802875,12.40666667,3.014619883,0.4795321637,0.1335282651,0.1590688652,Large,High,,
2024-12-06 00:00:00,Suraksha Diagnostic Limited,846.25,15,1.74,1.41,0.95,1.27,441,437,-0.91,297.55,298.05,-32.53,2024,12,4,6.74199581,1.366666667,1.37007874,1.11023622,0.7480314961,0.8103448276,Medium,Medium,,
2024-11-29 00:00:00,Enviro Infra Engineers Limited,650.3,55,157.05,153.8,24.48,89.9,148,218,47.3,247,246.45,66.89,2024,11,4,6.478970366,111.7766667,1.746941046,1.710789766,0.2723025584,0.9793059535,Medium,Low,,
2024-11-27 00:00:00,NTPC Green Energy Limited,10000,2,3.32,0.81,3.44,2.42,108,111.6,3.33,103.6,103.4,-4.07,2024,11,4,9.210440367,2.523333333,1.371900826,0.3347107438,1.421487603,0.2439759036,Large,Low,,
2024-11-22 00:00:00,Zinka Logistics Solution Limited (BlackBuck),1114.72,6,2.76,0.24,1.66,1.86,273,279.05,2.22,537.15,536,96.76,2024,11,4,7.017255215,1.553333333,1.483870968,0.1290322581,0.8924731183,0.08695652174,Medium,Medium,,
2024-11-14 00:00:00,Niva Bupa Health Insurance Company Limited,2200,1,2.06,0.68,2.73,1.8,74,78.5,6.08,80.43,80.18,8.69,2024,11,4,7.696667082,1.823333333,1.144444444,0.3777777778,1.516666667,0.3300970874,Large,Low,,
2024-11-13 00:00:00,Swiggy Limited,11327.4,2,6.02,0.41,1.14,3.59,390,412,5.64,399.45,396.55,2.42,2024,11,4,9.335068126,2.523333333,1.676880223,0.1142061281,0.3175487465,0.06810631229,Large,Medium,,
2024-11-13 00:00:00,ACME Solar Holdings Limited,2900,-30,3.54,0.97,3.1,2.75,289,259,-10.38,276.35,278.25,-4.38,2024,11,4,7.972810784,2.536666667,1.287272727,0.3527272727,1.127272727,0.2740112994,Large,Medium,,
2024-11-12 00:00:00,Sagility India Limited,2106.4,1,3.52,1.93,4.16,3.2,30,31.06,3.53,44.73,44.46,49.1,2024,11,4,7.653210239,3.203333333,1.1,0.603125,1.3,0.5482954545,Large,Low,,
2024-11-04 00:00:00,Afcons Infrastructure Limited,5430,15,3.79,5.05,0.94,2.63,463,430.05,-7.12,422,422.3,-8.86,2024,11,4,8.599878558,3.26,1.441064639,1.920152091,0.3574144487,1.332453826,Large,Medium,,
2024-10-30 00:00:00,Godavari Biorefineries Limited,554.75,-41,2.76,0.9,1.71,1.83,352,310.55,-11.78,284,287.45,-19.32,2024,10,4,6.320318553,1.79,1.508196721,0.4918032787,0.9344262295,0.3260869565,Medium,Medium,,
2024-10-28 00:00:00,Deepak Builders & Engineers India Limited,260.04,30,13.91,82.47,39.79,41.54,203,198.5,-2.22,132.2,132.68,-34.88,2024,10,4,5.564673652,45.39,0.3348579682,1.985315359,0.9578719307,5.928828181,Small,Medium,,
2024-10-28 00:00:00,Waaree Energies Limited,4321.44,1275,208.63,62.49,10.79,76.34,1503,2550,69.66,3171.1,3162.3,110.98,2024,10,4,8.371575337,93.97,2.732905423,0.818574797,0.1413413676,0.2995254757,Large,High,,
2024-10-22 00:00:00,Hyundai Motor India Limited,27858.8,45,6.97,0.6,0.5,2.37,1960,1931,-1.48,2234.75,2225.1,14.02,2024,10,4,10.23494007,2.69,2.94092827,0.253164557,0.2109704641,0.08608321377,Large,High,,
2024-10-15 00:00:00,Garuda Construction and Engineering Limited,264.1,8,1.24,9.03,10.81,7.55,95,103.2,8.63,171.4,170.33,80.42,2024,10,4,5.580107113,7.026666667,0.1642384106,1.19602649,1.431788079,7.282258065,Small,Low,,
2024-10-04 00:00:00,Diffusion Engineers Limited,157.96,55,95.74,207.6,85.61,114.49,168,188,11.9,336.5,335.85,100.3,2024,10,4,5.068652598,129.65,0.8362302384,1.8132588,0.7477508953,2.168372676,Small,Low,,
2024-10-03 00:00:00,KRN Heat Exchanger and Refrigeration Limited,341.95,230,253.04,431.63,98.29,214.42,220,470,113.64,911.25,911,314.2,2024,10,4,5.837584664,260.9866667,1.180113795,2.013011846,0.458399403,1.705777743,Small,Medium,,
2024-09-30 00:00:00,Manba Finance Limited,150.84,40,148.55,511.62,143.95,224.05,120,150,25,138.55,138.8,15.46,2024,9,3,5.022827335,268.04,0.663021647,2.283508146,0.6424905155,3.444092898,Small,Low,,
2024-09-24 00:00:00,Arkade Developers Limited,410,65,163.16,163.02,51.39,106.83,128,175.9,37.42,190.6,190,48.91,2024,9,3,6.018593214,125.8566667,1.527286343,1.525975849,0.4810446504,0.9991419466,Small,Low,,
2024-09-24 00:00:00,Northern ARC Capital Limited,777,150,240.79,142.41,31.08,110.91,263,351,33.46,230.05,229.21,-12.53,2024,9,3,6.656726524,138.0933333,2.171039582,1.284014065,0.2802272113,0.5914282155,Medium,Medium,,
2024-09-24 00:00:00,Western Carriers Limited,492.88,15,27.99,44.71,25.95,30.57,172,170,-1.16,120,120,-30.23,2024,9,3,6.202292573,32.88333333,0.9156035329,1.462544979,0.8488714426,1.597356199,Small,Low,,
2024-09-17 00:00:00,P N Gadgil Jewellers Limited,1100,300,136.85,56.08,16.58,59.4,480,834,73.75,554.1,553.05,15.44,2024,9,3,7.003974137,69.83666667,2.303872054,0.9441077441,0.2791245791,0.4097917428,Medium,Medium,,
2024-09-16 00:00:00,Tolins Tyres Limited,230,30,25.42,27.41,21.52,23.89,226,227,0.44,155,154.7,-31.42,2024,9,3,5.442417711,24.78333333,1.064043533,1.147341984,0.9007953118,1.078284815,Small,Medium,,
2024-09-16 00:00:00,Bajaj Housing Finance Limited,6560,78,209.36,41.51,7.04,63.61,70,150,114.29,113.2,113.02,61.71,2024,9,3,8.788898309,85.97,3.291306398,0.6525703506,0.1106744223,0.1982709209,Large,Low,,
2024-09-16 00:00:00,Kross Limited,500,25,23.32,22.24,10.76,16.81,240,240,0,162.7,162.66,-32.21,2024,9,3,6.216606101,18.77333333,1.387269482,1.323022011,0.6400951814,0.9536878216,Small,Medium,,
2024-09-12 00:00:00,Shree Tirupati Balajee Agro Trading Company Limited,169.65,40,150.87,210.12,73.22,124.75,83,92.9,11.93,50.37,50.03,-39.31,2024,9,3,5.139614675,144.7366667,1.209378758,1.684328657,0.5869338677,1.392722211,Small,Low,,
2024-09-09 00:00:00,Gala Precision Engineering Limited,167.93,240,232.54,414.62,91.95,201.41,529,750,41.78,814.55,816.9,53.98,2024,9,3,5.129484428,246.37,1.15456035,2.058586962,0.4565314533,1.783005074,Small,High,,
2024-09-06 00:00:00,Baazar Style Retail Limited,834.68,60,81.83,59.43,9.12,40.66,389,389,0,315.2,313.7,-18.97,2024,9,3,6.728245765,50.12666667,2.01254304,1.461633055,0.2242990654,0.7262617622,Medium,Medium,,
2024-09-04 00:00:00,Ecos (India) Mobility & Hospitality Limited,601.2,125,136.85,71.23,19.79,64.26,334,391.3,17.16,293.25,298.15,-12.2,2024,9,3,6.400589616,75.95666667,2.12962963,1.108465608,0.3079676315,0.5204968944,Medium,Medium,,
2024-09-03 00:00:00,Premier Energies Limited,2830.4,470,216.67,50.04,7.69,74.38,450,991,120.22,1015.45,1012.7,125.66,2024,9,3,7.948526568,91.46666667,2.913014251,0.672761495,0.1033880075,0.2309502931,Large,Medium,,
2024-08-28 00:00:00,Orient Technologies Limited,214.76,95,189.9,300.6,66.87,151.71,206,290,40.78,319.05,317.4,54.88,2024,8,3,5.374166679,185.79,1.251730275,1.981411904,0.4407751631,1.582938389,Small,Medium,,
2024-08-26 00:00:00,Interarch Building Products Limited,600.29,330,205.41,128.42,19.11,93.53,900,1291.2,43.47,2217,2183,146.33,2024,8,3,6.399077347,117.6466667,2.196193735,1.37303539,0.2043194697,0.6251886471,Medium,High,,
2024-08-20 00:00:00,Saraswati Saree Depot Limited,160.01,45,64.12,358.65,61.88,107.52,160,200,25,91.81,91.26,-42.62,2024,8,3,5.081466475,161.55,0.5963541667,3.335658482,0.5755208333,5.59341859,Small,Low,,
2024-08-13 00:00:00,Brainbees Solutions Limited,4193.73,155,19.3,4.68,2.31,12.22,465,625,34.41,373.65,373.85,-19.65,2024,8,3,8.341584254,8.763333333,1.579378069,0.3829787234,0.1890343699,0.2424870466,Large,Medium,,
2024-08-13 00:00:00,Unicommerce eSolutions Limited,276.57,65,138.75,252.48,131.15,168.39,108,230,112.96,124.35,123.1,15.14,2024,8,3,5.626073154,174.1266667,0.8239800463,1.499376448,0.7788467249,1.819675676,Small,Low,,
2024-08-09 00:00:00,Ola Electric Mobility Limited,6145.56,0,5.31,2.4,3.92,4.27,76,75.99,-0.01,39.99,39.9,-47.38,2024,8,3,8.723647855,3.876666667,1.243559719,0.5620608899,0.9180327869,0.4519774011,Large,Low,,
2024-08-08 00:00:00,Ceigall India Limited,1252.66,12,31.5,14.42,3.77,13.78,401,413,2.99,247.25,247.52,-38.34,2024,8,3,7.133822552,16.56333333,2.285921626,1.046444122,0.2735849057,0.4577777778,Medium,Medium,,
2024-08-06 00:00:00,Akums Drugs and Pharmaceuticals Limited,1856.74,55,90.09,42.21,21.3,63.56,679,725,6.77,473,474.3,-30.34,2024,8,3,7.527115974,51.2,1.417400881,0.6640969163,0.3351164254,0.4685314685,Medium,High,,
2024-07-26 00:00:00,Sanstar Limited,510.55,30,145.68,136.5,24.23,82.99,95,106.4,12,85.87,85.39,-9.61,2024,7,3,6.237445332,102.1366667,1.755392216,1.644776479,0.2919628871,0.936985173,Medium,Low,,
2024-07-10 00:00:00,Emcure Pharmaceuticals Limited,1952.03,300,195.83,48.32,7.21,67.87,1008,1325.05,31.45,1390.5,1395,37.95,2024,7,3,7.577137292,83.78666667,2.885369088,0.7119493149,0.1062325033,0.2467446254,Medium,High,,
2024-07-10 00:00:00,Bansal Wire Industries Limited,745,75,146.05,51.46,13.64,59.57,256,352.05,37.52,366.15,365.05,43.03,2024,7,3,6.6147256,70.38333333,2.451737452,0.8638576465,0.2289743159,0.3523450873,Medium,Medium,,
2024-07-03 00:00:00,Vraj Iron & Steel Limited,171,50,163.9,208.81,54.93,119.04,207,240,15.94,162,161.43,-21.74,2024,7,3,5.147494477,142.5466667,1.376848118,1.754116263,0.4614415323,1.274008542,Small,Medium,,
2024-07-02 00:00:00,Allied Blenders and Distillers Limited,1500,60,50.37,32.4,4.51,23.55,281,318.1,13.2,494.75,493,76.07,2024,7,3,7.313886832,29.09333333,2.138853503,1.375796178,0.191507431,0.6432400238,Medium,Medium,,
2024-06-28 00:00:00,Stanley Lifestyles Limited,537.02,160,0.74,8.86,6.11,5.22,369,499,35.23,316.75,318.15,-14.16,2024,6,2,6.287895734,5.236666667,0.1417624521,1.697318008,1.170498084,11.97297297,Bagmane,Medium,542 (46.88%),1
2024-04-25 00:00:00,Vodafone Idea Ltd ,18000,1.4,17.56,4.13,0.92,6.36,11,12,9.09,6.6,6.53,-40,2024,4,2,9.798182591,7.536666667,2.761006289,0.6493710692,0.1446540881,0.2351936219,Large,Low,,
2024-04-12 00:00:00,Bharti Hexacom Ltd ,4275,90,48.57,10.52,2.83,29.88,570,755.2,32.49,1742.9,1740.1,205.77,2024,4,2,8.360773272,20.64,1.625502008,0.3520749665,0.09471218206,0.2165946057,Large,High,710 (24.56%),1
2024-04-03 00:00:00,SRM Contractors Ltd ,130.2,125,59.59,214.94,46.97,86.57,210,225,7.14,476.55,474,126.93,2024,4,2,4.876722877,107.1666667,0.6883446922,2.482846252,0.542566709,3.606981037,Small,Medium,280 (33.33%),1
2024-03-21 00:00:00,Krystal Integrated Services Ltd ,300.12,55,7.33,43.91,3.32,13.21,715,795,11.19,625.8,611,-12.48,2024,3,1,5.707508856,18.18666667,0.5548826646,3.323996972,0.251324754,5.990450205,Small,High,775 (8.39%),1
2024-03-19 00:00:00,Popular Vehicles & Services Ltd ,601.55,-3,1.97,0.66,1.05,1.23,295,292,-1.02,120,119.5,-59.32,2024,3,1,6.401170649,1.226666667,1.601626016,0.5365853659,0.8536585366,0.3350253807,Medium,Medium,,
2024-03-14 00:00:00,Gopal Snacks Ltd,650,-50,17.5,9.5,4.01,9.02,401,350,-12.72,371.25,371.95,-7.42,2024,3,1,6.478509642,10.33666667,1.940133038,1.053215078,0.4445676275,0.5428571429,Medium,Medium,376 (-6.23%),-1
2024-03-13 00:00:00,J.G.Chemicals Ltd ,251.19,5,32.09,46.33,17.44,27.78,221,211,-4.52,482.25,484.4,118.21,2024,3,1,5.530182772,31.95333333,1.155147588,1.66774658,0.6277897768,1.443751948,Small,Medium,226 (2.26%),1
2024-03-12 00:00:00,R K Swamy Ltd ,423.56,-36,20.58,34.36,34.03,25.94,288,252,-12.5,155.8,155.28,-45.9,2024,3,1,6.051053339,29.65666667,0.7933693138,1.32459522,1.311873554,1.669582119,Small,Medium,288 (0.00%),0
2024-03-07 00:00:00,Mukka Proteins Ltd ,224,35,189.28,250.38,58.52,136.99,28,44,57.14,27.61,27.69,-1.39,2024,3,1,5.416100402,166.06,1.381706694,1.827724651,0.427184466,1.322802198,Small,Low,63 (125.00%),1
2024-03-12 00:00:00,Indus Infra Trust ,2499.99,1,8.92,6.93,0,8.01,100,101,1,111.53,111.3,11.53,2024,3,1,7.824441932,5.283333333,1.11360799,0.8651685393,0,0.7769058296,Large,Low,,
2024-03-05 00:00:00,Exicom Tele-Systems Ltd ,429,150,121.8,153.22,119.59,129.54,142,264,85.92,139.05,138.81,-2.08,2024,3,1,6.063785209,131.5366667,0.9402501158,1.182800679,0.9231897483,1.257963875,Small,Low,302 (112.68%),1
2024-03-05 00:00:00,Platinum Industries Ltd ,235.32,100,151,141.83,50.99,99.03,171,228,33.33,276.6,278,61.75,2024,3,1,5.465186819,114.6066667,1.524790468,1.432192265,0.5148944764,0.9392715232,Small,Low,258 (50.88%),1
2024-02-29 00:00:00,GPT Healthcare Ltd ,525.14,10,17.3,11.02,2.44,8.52,186,216.15,16.21,155,156,-16.67,2024,2,1,6.265567337,10.25333333,2.030516432,1.29342723,0.2863849765,0.6369942197,Medium,Low,203 (9.14%),1
2024-02-28 00:00:00,Juniper Hotels Ltd ,1800,0,0,0.06,0.52,0.11,360,361.2,0.33,291.85,292.2,-18.93,2024,2,1,7.496097345,0.1933333333,0,0.5454545455,4.727272727,,Medium,Medium,360 (0.00%),0
2024-02-20 00:00:00,Vibhor Steel Tubes Limited,72.17,130,178.73,721.34,188.17,298.86,151,421,178.81,158.2,155.6,4.77,2024,2,1,4.292785501,362.7466667,0.5980392157,2.413638493,0.6296259118,4.035920103,Small,Low,291 (92.72%),1
2024-02-16 00:00:00,Entero Healthcare Solutions Limited,1600,0,2.28,0.22,1.33,1.53,1258,1245,-1.03,1205.2,1196.4,-4.2,2024,2,1,7.378383713,1.276666667,1.490196078,0.1437908497,0.8692810458,0.09649122807,Medium,High,1260 (0.16%),1
2024-02-14 00:00:00,Jana Small Finance Bank Limited,570,15,38.75,25.05,5.46,18.5,414,396,-4.35,461,459.35,11.35,2024,2,1,6.34738921,23.08666667,2.094594595,1.354054054,0.2951351351,0.6464516129,Medium,Medium,430 (3.86%),1
2024-02-14 00:00:00,Capital Small Finance Bank Limited,523.07,0,6.64,4.05,2.49,4,468,435,-7.05,298.45,299,-36.23,2024,2,1,6.261625263,4.393333333,1.66,1.0125,0.6225,0.609939759,Medium,Medium,468 (0.00%),0
2024-02-14 00:00:00,Rashi Peripherals Limited,600,40,143.66,62.75,10.44,59.71,311,335,7.72,280.35,280.4,-9.86,2024,2,1,6.398594935,72.28333333,2.40596215,1.050912745,0.1748450846,0.4367952109,Medium,Medium,345 (10.93%),1
2024-02-12 00:00:00,Apeejay Surrendra Group (conglomerate),920,35,75.14,52.41,30.35,59.66,155,187,20.65,148.85,148.25,-3.97,2024,2,1,6.825460036,52.63333333,1.259470332,0.8784780422,0.5087160577,0.6974980037,Medium,Low,,
2024-02-06 00:00:00,BLS E-Services Limited,309.29,150,123.3,300.14,237,162.47,135,309,128.89,185.85,185.5,37.67,2024,2,1,5.737507344,220.1466667,0.7589093371,1.847356435,1.458730843,2.434225466,Small,Low,290 (114.81%),1
2024-01-31 00:00:00,Nova Agritech Limited,143.81,15,79.31,224.08,77.12,109.37,41,56,36.59,50.4,50.14,22.93,2024,1,1,4.975422538,126.8366667,0.7251531499,2.048825089,0.7051293773,2.825368806,Small,Low,54 (31.71%),1
2024-01-30 00:00:00,Epack Durable Limited,640.05,5,25.5,28.1,6.29,16.37,230,225,-2.17,377.85,376.9,64.28,2024,1,1,6.463107457,19.96333333,1.55772755,1.716554673,0.3842394624,1.101960784,Medium,Medium,235 (2.17%),1
2024-01-23 00:00:00,Medi Assist Healthcare Services Limited,1171.58,35,40.14,14.85,3.19,16.25,418,465,11.24,578,574.4,38.28,2024,1,1,7.066961728,19.39333333,2.470153846,0.9138461538,0.1963076923,0.369955157,Medium,Medium,,
2024-01-16 00:00:00,Jyoti CNC Automation Limited,1000,45,44.13,36.48,26.17,38.53,331,372,12.39,914.75,912,176.36,2024,1,1,6.908754779,35.59333333,1.145341292,0.9467947054,0.6792110044,0.8266485384,Medium,Medium,369 (11.48%),1
2023-12-29 00:00:00,Innova Captab Limited,570,85,116.73,64.95,17.15,55.26,448,456.1,1.81,892.4,891,99.2,2023,12,4,6.34738921,66.27666667,2.11237785,1.175352877,0.3103510677,0.5564122334,Medium,Medium,480 (7.14%),1
2023-12-28 00:00:00,Azad Engineering Limited,740,200,179.66,87.61,23.79,80.65,524,710,35.5,1481.25,1478.5,182.68,2023,12,4,6.608000625,97.02,2.227650341,1.086298822,0.2949783013,0.4876433263,Medium,High,719 (37.21%),1
2023-12-27 00:00:00,Happy Forgings Limited,1008.59,250,220.48,62.17,15.09,82.04,850,1001.25,17.79,960.65,956.65,13.02,2023,12,4,6.917299587,99.24666667,2.687469527,0.7578010726,0.183934666,0.2819756894,Medium,High,1085 (27.65%),1
2023-12-27 00:00:00,Credo Brands Marketing Limited,549.78,100,104.95,55.52,19.94,51.85,280,282,0.71,120.1,120.2,-57.11,2023,12,4,6.311335455,60.13666667,2.024108004,1.070781099,0.3845708775,0.5290138161,Medium,Medium,,
2023-12-27 00:00:00,RBZ Jewellers Limited,100,5,13.43,9.27,24.74,16.86,100,100,0,141.35,138.39,41.35,2023,12,4,4.615120517,15.81333333,0.7965599051,0.5498220641,1.46737841,0.6902457185,Small,Low,100 (0.00%),0
2023-12-26 00:00:00,Muthoot Microfin Limited,960,25,17.47,13.2,7.61,11.52,291,278,-4.47,146.1,147.59,-49.79,2023,12,4,6.867974409,12.76,1.516493056,1.145833333,0.6605902778,0.755580996,Medium,Medium,318 (9.28%),1
2023-12-26 00:00:00,Motisons Jewellers Limited,151.09,56,157.4,233.91,122.28,159.61,55,103.9,88.91,18.57,18.43,-66.24,2023,12,4,5.024472451,171.1966667,0.9861537498,1.46550968,0.7661174112,1.486086404,Small,Low,125 (127.27%),1
2023-12-26 00:00:00,Suraj Estate Developers Limited,400,15,24.31,18.9,9.3,15.65,360,343.8,-4.5,286.1,283.95,-20.53,2023,12,4,5.993961427,17.50333333,1.553354633,1.207667732,0.5942492013,0.7774578363,Small,Medium,375 (4.17%),1
2023-12-21 00:00:00,Inox India Limited,1459.32,550,147.8,53.2,15.3,61.28,660,933.15,41.39,1109.95,1108.8,68.17,2023,12,4,7.286410869,72.1,2.411879896,0.8681462141,0.2496736292,0.3599458728,Medium,High,1100 (66.67%),1
2023-12-20 00:00:00,Doms Industries Limited,1200,490,115.97,66.51,69.67,93.52,790,1400,77.22,2551.35,2553.9,222.96,2023,12,4,7.090909822,84.05,1.240055603,0.7111847733,0.744974337,0.5735103906,Medium,High,,
2023-12-20 00:00:00,India Shelter Finance Limited,1200,165,89.7,28.51,9.95,36.71,493,612.7,24.28,918.05,917.5,86.22,2023,12,4,7.090909822,42.72,2.443475892,0.7766276219,0.2710433124,0.3178372352,Medium,Medium,650 (31.85%),1
2023-12-01 00:00:00,Flair Writing Instruments Limited,593,150,115.6,33.37,13.01,46.68,304,503,65.46,326.5,326.5,7.4,2023,12,4,6.386879319,53.99333333,2.476435304,0.7148671808,0.278706084,0.2886678201,Medium,Medium,,
2023-11-30 00:00:00,Tata Technologies Limited,3042.51,430,203.41,62.11,16.5,69.43,500,1199.95,139.99,669.25,664.75,33.85,2023,11,4,8.020766734,94.00666667,2.92971338,0.8945700706,0.2376494311,0.3053438867,Large,Medium,975 (95.00%),1
2023-11-30 00:00:00,Gandhar Oil Refineries Limited,500.69,75,129,62.23,28.95,64.07,169,295.4,74.79,149.55,149.59,-11.51,2023,11,4,6.217982399,73.39333333,2.013422819,0.971281411,0.4518495396,0.4824031008,Medium,Low,242 (43.20%),1
2023-11-30 00:00:00,Fedbank Financial Services Limited,1092.26,-2,3.51,1.45,1.82,2.2,140,137.75,-1.61,130.25,130,-6.96,2023,11,4,6.996919337,2.26,1.595454545,0.6590909091,0.8272727273,0.4131054131,Medium,Low,140 (0.00%),0
2023-11-29 00:00:00,Indian Renewable Energy Development Agency Limited (IREDA),2150.21,12,104.57,24.16,7.73,38.8,32,50,56.25,145,144.95,353.13,2023,11,4,7.673785754,45.48666667,2.695103093,0.6226804124,0.1992268041,0.2310414077,Large,Low,,
2023-11-15 00:00:00,ASK Automotive Limited,833.91,30,142.41,35.47,5.7,51.14,282,304.9,8.12,465.1,465.15,64.93,2023,11,4,6.727323935,61.19333333,2.784708643,0.6935862339,0.1114587407,0.2490695878,Medium,Medium,310 (9.93%),1
2023-11-13 00:00:00,Protean eGov Technologies Limited,489.95,40,46.94,31.62,8.93,23.86,792,792,0,719.8,722.85,-9.12,2023,11,4,6.19634229,29.16333333,1.967309304,1.325230511,0.3742665549,0.6736259054,Small,High,840 (6.06%),1
2023-11-10 00:00:00,ESAF Small Finance Bank Limited,463,20,173.52,84.37,16.97,73.15,60,71.9,19.83,30.03,29.98,-49.95,2023,11,4,6.139884552,91.62,2.372112098,1.153383459,0.2319890636,0.4862263716,Small,Low,76 (26.67%),1
2023-11-07 00:00:00,Honasa Consumer Limited (Mamaearth),1701.44,30,11.5,4.02,1.35,7.61,324,324,0,265.55,267.25,-18.04,2023,11,4,7.439817795,5.623333333,1.511169514,0.5282522996,0.1773981603,0.3495652174,Medium,Medium,348 (7.41%),1
2023-11-06 00:00:00,Cello World Limited,1900,180,108.57,24.42,3.06,38.9,648,831,28.24,563.9,562,-12.98,2023,11,4,7.550135342,45.35,2.791002571,0.6277634961,0.07866323907,0.2249240122,Medium,High,808 (24.69%),1
2023-11-01 00:00:00,Blue Jet Healthcare Limited,840.27,25,13.72,13.59,2.24,7.95,346,359.9,4.02,780.55,782.75,125.59,2023,11,4,6.734912655,9.85,1.725786164,1.709433962,0.2817610063,0.9905247813,Medium,Medium,368 (6.36%),1
2023-10-26 00:00:00,IRM Energy Limited,544.36,15,44.73,48.34,9.29,27.05,505,479,-5.15,277,277.8,-45.15,2023,10,4,6.301446127,34.12,1.653604436,1.787060998,0.3434380776,1.080706461,Medium,High,523 (3.56%),1
2023-10-12 00:00:00,Plaza Wires Limited,71.28,25,42.84,388.09,374.81,160.97,54,84,55.56,56.01,56.02,3.72,2023,10,4,4.280547466,268.58,0.2661365472,2.410946139,2.328446294,9.059056956,Small,Low,77 (42.59%),1
2023-10-06 00:00:00,Valiant Laboratories Limited,152.46,25,20.83,73.64,16.06,29.76,140,161,15,95,94.2,-32.14,2023,10,4,5.033439947,36.84333333,0.6999327957,2.474462366,0.5396505376,3.535285646,Small,Low,160 (14.29%),1
2023-10-03 00:00:00,JSW Infrastructure Limited,2800,30,57.09,15.99,10.32,37.37,119,143,20.17,295.95,295.95,148.7,2023,10,4,7.937731775,27.8,1.527696013,0.4278833289,0.2761573455,0.2800840778,Large,Low,149 (25.21%),1
2023-10-04 00:00:00,Updater Services Limited,640,0,4.48,0.85,1.39,2.9,300,299.9,-0.03,260,259.8,-13.33,2023,10,4,6.463029457,2.24,1.544827586,0.2931034483,0.4793103448,0.1897321429,Medium,Medium,300 (0.00%),0
2023-10-03 00:00:00,Manoj Vaibhav Gems,270.2,10,1.06,5.18,1.66,2.25,215,215,0,205.7,205.77,-4.33,2023,10,4,5.602856556,2.633333333,0.4711111111,2.302222222,0.7377777778,4.886792453,Small,Medium,215 (0.00%),0
2023-09-27 00:00:00,Signature Global India Limited,730,40,12.71,13.54,6.82,11.88,385,445,15.58,1113.75,1112.5,189.29,2023,9,3,6.59441346,11.02333333,1.06986532,1.13973064,0.5740740741,1.065302911,Medium,Medium,435 (12.99%),1
2023-09-27 00:00:00,Sai Silks (Kalamandir) Limited,1201,7,12.35,2.47,0.88,4.4,222,230.1,3.65,171.3,171.11,-22.84,2023,9,3,7.091742115,5.233333333,2.806818182,0.5613636364,0.2,0.2,Medium,Medium,229 (3.15%),1
2023-09-28 00:00:00,Yatra Online Limited,775,-12,2.05,0.42,2.11,1.61,142,130,-8.45,130.67,129.82,-7.98,2023,9,3,6.65415252,1.526666667,1.273291925,0.2608695652,1.310559006,0.2048780488,Medium,Low,142 (0.00%),0
2023-09-22 00:00:00,Samhi Hotels Limited,1370.1,2,8.82,1.22,1.11,5.33,126,130.55,3.61,219.65,220.24,74.33,2023,9,3,7.223368616,3.716666667,1.65478424,0.2288930582,0.2082551595,0.1383219955,Medium,Low,134 (6.35%),1
2023-09-22 00:00:00,Zaggle Prepaid Ocean Limited,563.38,15,16.73,8.85,5.94,12.57,164,162,-1.22,376.8,376.8,129.76,2023,9,3,6.335727783,10.50666667,1.330946698,0.7040572792,0.4725536993,0.5289898386,Medium,Low,175 (6.71%),1
2023-09-20 00:00:00,R R Kabel Limited,1964.01,95,52.26,13.23,2.13,18.69,1035,1179,13.91,1211.3,1209.8,17.03,2023,9,3,7.583252613,22.54,2.796147673,0.7078651685,0.113964687,0.2531572905,Medium,High,1139 (10.05%),1
2023-09-21 00:00:00,EMS Limited,321.25,100,0.67,29.73,16.62,15.05,211,281.55,33.44,580.5,580.2,175.12,2023,9,3,5.775327642,15.67333333,0.04451827243,1.975415282,1.104318937,44.37313433,Small,Medium,299 (41.71%),1
2023-09-18 00:00:00,Jupiter Life Line Limited,869.08,230,187.32,34.75,7.73,63.72,735,960,30.61,1406.65,1408,91.38,2023,9,3,6.768585161,76.6,2.939736347,0.5453546767,0.12131199,0.1855114243,Medium,High,968 (31.70%),1
2023-09-11 00:00:00,Ratnaveer Precision Limited,165.03,50,133.05,135.21,54.01,93.99,98,128,30.61,138.5,138.79,41.33,2023,9,3,5.112168495,107.4233333,1.415576125,1.438557293,0.5746355995,1.016234498,Small,Low,,
2023-09-11 00:00:00,Rishabh Instruments Limited,490.78,65,72.54,31.29,8.44,31.65,441,460,4.31,286.45,287.25,-35.05,2023,9,3,6.198031462,37.42333333,2.291943128,0.9886255924,0.2666666667,0.4313482217,Small,Medium,502 (13.83%),1
2023-09-05 00:00:00,Vishnu Prakash R P Limited,308.61,60,171.69,111.03,32.02,87.82,99,163.3,64.95,155.2,155.72,56.77,2023,9,3,5.735313441,104.9133333,1.955021635,1.264290594,0.3646094284,0.6466887996,Small,Low,161 (62.63%),1
2023-08-31 00:00:00,Aeroflex Industries Limited,351,65,194.73,126.13,34.41,97.11,108,197.4,82.78,180.75,180.5,67.36,2023,8,3,5.863631176,118.4233333,2.005251776,1.298836371,0.3543404387,0.6477173522,Small,Low,179 (65.74%),1
2023-08-29 00:00:00,Pyramid Technoplast Limited,153.05,20,9.94,32.24,14.72,18.29,166,185,11.45,160.45,160.75,-3.34,2023,8,3,5.037277225,18.96666667,0.5434663751,1.762711864,0.8048113723,3.243460765,Small,Low,188 (13.25%),1
2023-08-23 00:00:00,TVS Supply Chain Solutions Limited,880,9,1.35,2.35,7.61,2.78,197,206.3,4.72,132.4,132.39,-32.79,2023,8,3,6.781057626,3.77,0.4856115108,0.845323741,2.737410072,1.740740741,Medium,Low,,
2023-08-18 00:00:00,Concord Biotech Limited,1550.52,110,67.67,16.99,3.78,24.87,741,900.05,21.46,1624,1617.6,119.16,2023,8,3,7.346990375,29.48,2.720948934,0.6831523924,0.1519903498,0.2510713758,Medium,High,863 (16.46%),1
2023-08-16 00:00:00,SBFC Finance Limited,1025,30,192.9,49.09,10.99,70.16,57,81.99,43.84,104.4,104.25,83.16,2023,8,3,6.933423026,84.32666667,2.749429875,0.699686431,0.1566419612,0.2544841887,Medium,Low,83 (45.61%),1
2023-08-07 00:00:00,Yatharth Hospital & Trauma Care Services Limited,686.55,80,85.1,37.22,8.34,36.16,300,304,1.33,717,717.5,139,2023,8,3,6.533134554,43.55333333,2.353429204,1.029314159,0.2306415929,0.4373678026,Medium,Medium,,
2023-07-27 00:00:00,Netweb Technologies India Limited,631,400,228.91,81.81,19.15,90.36,500,942.5,88.5,2111.5,2115,322.3,2023,7,3,6.448889394,109.9566667,2.5333112,0.9053784861,0.2119300575,0.357389367,Medium,Medium,894 (78.80%),1
2023-07-21 00:00:00,Utkarsh Small Finance Bank Limited,500,15,124.85,81.64,72.11,101.91,25,39.95,59.8,20.75,20.7,-17,2023,7,3,6.216606101,92.86666667,1.225100579,0.8010990089,0.7075851241,0.6539046856,Small,Low,41 (64.00%),1
2023-07-14 00:00:00,Senco Gold Limited,405,100,180.94,64.99,15.46,73.35,317,431,35.96,337,338.35,6.31,2023,7,3,6.00635316,87.13,2.466802999,0.8860259032,0.2107702795,0.3591798386,Small,Medium,420 (32.49%),1
2023-07-10 00:00:00,Cyient DLM Limited,592,150,90.44,45.05,49.22,67.31,265,401,51.32,430,428.7,62.26,2023,7,3,6.385194399,61.57,1.343633933,0.6692913386,0.7312435002,0.4981203008,Medium,Medium,400 (50.94%),1
2023-07-07 00:00:00,Ideaforge Technologies Limited,567.25,510,125.81,80.58,85.2,106.06,672,1305.1,94.21,459.25,462,-31.66,2023,7,3,6.342561463,97.19666667,1.18621535,0.7597586272,0.8033188761,0.6404896272,Medium,High,1197 (78.12%),1
2023-07-04 00:00:00,HMA Agro Industries Limited,480,20,1.74,2.97,0.96,1.62,585,615,5.13,30.5,30.64,-94.79,2023,7,3,6.17586727,1.89,1.074074074,1.833333333,0.5925925926,1.706896552,Small,High,625 (6.84%),1
2023-06-16 00:00:00,IKIO Technologies Limited (formerly IKIO Lighting Limited),606.5,100,163.58,63.35,13.86,66.3,285,391,37.19,189.5,189.6,-33.51,2023,6,2,6.409352175,80.26333333,2.467269985,0.955505279,0.2090497738,0.3872722827,Medium,Medium,,
2023-05-19 00:00:00,Nexus Select Trust,3200,5,0,0,0,3.61,100,102.27,2.27,149.01,149.03,49.01,2023,5,2,8.07121854,0,0,0,0,,Large,Low,,
2023-05-09 00:00:00,Mankind Pharma Limited,4326.36,100,49.16,3.8,0.92,15.32,1080,1300,20.37,2447.3,2442.3,126.6,2023,5,2,8.372712935,17.96,3.208877285,0.2480417755,0.06005221932,0.07729861676,Large,High,1201 (11.20%),1
2023-04-18 00:00:00,Avalon Technologies Limited,865,10,3.57,0.41,0.84,2.21,436,431,-1.15,884.2,890,102.8,2023,4,2,6.763884909,1.606666667,1.615384615,0.185520362,0.3800904977,0.1148459384,Medium,Medium,443 (1.61%),1
2023-04-03 00:00:00,Udayshivakumar Infosolutions Limited,66,5,40.47,60.42,14.1,30.63,35,35,0,36,36.23,2.86,2023,4,2,4.204692619,38.33,1.321253673,1.972575906,0.4603330069,1.492957746,Small,Low,,
2023-03-23 00:00:00,Global Surfaces Limited,154.98,15,8.95,33.1,5.12,12.21,140,163,16.43,122.9,123.42,-12.21,2023,3,1,5.049727794,15.72333333,0.733005733,2.710892711,0.4193284193,3.698324022,Small,Low,158 (12.86%),1
2023-03-14 00:00:00,Divgi Torqtransfer Systems Limited,412.12,40,7.83,1.4,4.31,5.44,590,600,1.69,649.05,652.25,10.01,2023,3,1,6.023738108,4.513333333,1.439338235,0.2573529412,0.7922794118,0.1787994891,Small,High,619 (4.92%),1
2023-01-12 00:00:00,Sah Polymers Limited,66.3,10,2.4,32.69,39.78,17.46,65,85,30.77,114.5,115,76.15,2023,1,1,4.209160237,24.95666667,0.1374570447,1.872279496,2.278350515,13.62083333,Small,Low,75 (15.38%),1
2023-01-04 00:00:00,Radiant Cash Management Services Limited,256.64,3,1.01,0.66,0.21,0.53,94,99.3,5.64,54.18,54.13,-42.36,2023,1,1,5.551563262,0.6266666667,1.905660377,1.245283019,0.3962264151,0.6534653465,Small,Low,,
2022-12-30 00:00:00,Elin Electronics Limited,475,4,4.51,3.29,2.2,3.09,247,243,-1.62,171.9,170,-30.4,2022,12,4,6.165417854,3.333333333,1.459546926,1.064724919,0.71197411,0.7294900222,Small,Medium,251 (1.62%),1
2022-12-29 00:00:00,KFin Technologies Limited,1500,-3,4.17,0.23,1.36,2.59,366,369,0.82,1088.35,1095.3,197.36,2022,12,4,7.313886832,1.92,1.61003861,0.0888030888,0.5250965251,0.0551558753,Medium,Medium,363 (-0.82%),-1
2022-12-23 00:00:00,Landmark Cars Limited,552,-15,8.71,1.32,0.59,3.06,506,471.3,-6.86,491.95,490,-2.78,2022,12,4,6.315358002,3.54,2.846405229,0.431372549,0.1928104575,0.1515499426,Medium,High,491 (-2.96%),-1
2022-12-23 00:00:00,Abans Financial Services Limited,345.6,3,4.1,1.48,0.4,1.1,270,270,0,221.45,220.51,-17.98,2022,12,4,5.848171377,1.993333333,3.727272727,1.345454545,0.3636363636,0.3609756098,Small,Medium,,
2022-12-22 00:00:00,Sula Vineyards Limited,960.35,-12,4.13,1.51,1.65,2.33,357,358,0.28,250,249.9,-29.97,2022,12,4,6.868338547,2.43,1.772532189,0.6480686695,0.7081545064,0.3656174334,Medium,Medium,342 (-4.20%),-1
2022-12-12 00:00:00,Uniparts India Limited,835.61,45,67.14,17.86,4.63,25.32,577,575,-0.35,390.9,390.6,-32.25,2022,12,4,6.729358012,29.87666667,2.651658768,0.705371248,0.1828593997,0.2660113196,Medium,High,618 (7.11%),1
2022-12-08 00:00:00,Dharmaj Crop Guard Limited,251.09,42,48.21,52.29,21.53,35.49,237,266,12.24,319.5,321,34.81,2022,12,4,5.529786167,40.67666667,1.35841082,1.473372781,0.6066497605,1.084629745,Small,Medium,275 (16.03%),1
2022-11-24 00:00:00,Keystone Realtors Limited,635,-5,3.84,3.03,0.53,2.01,541,555,2.59,603.75,609,11.6,2022,11,4,6.455198563,2.466666667,1.910447761,1.507462687,0.263681592,0.7890625,Medium,High,536 (-0.92%),-1
2022-11-23 00:00:00,Inox Green Energy Limited,740,-1,1.05,0.47,4.7,1.55,65,60.5,-6.92,160,160.73,146.15,2022,11,4,6.608000625,2.073333333,0.6774193548,0.3032258065,3.032258065,0.4476190476,Medium,Low,64 (-1.54%),-1
2022-11-22 00:00:00,Kaynes Technology India Limited,,185,98.47,21.21,4.1,34.16,587,775,32.03,5855.85,5865,897.59,2022,11,4,6.755559354,41.26,2.882611241,0.6209016393,0.1200234192,0.2153955519,Medium,High,772 (37.48%),1
2022-11-21 00:00:00,Archean Chemical Industries Limited,857.82,126,48.91,14.9,9.96,32.23,407,449,10.32,625,626.55,53.56,2022,11,4,7.288456272,24.59,1.517530251,0.4623022029,0.3090288551,0.3046411777,Medium,Medium,,
2022-11-21 00:00:00,Five Star Business Finance Limited,1588.51,-2,1.77,0.61,0.11,0.7,474,449.95,-5.07,575.9,577.45,21.5,2022,11,4,7.371181072,0.83,2.528571429,0.8714285714,0.1571428571,0.3446327684,Medium,Medium,,
2022-11-16 00:00:00,Bikaji Foods International Limited,880.85,21,80.63,7.1,4.77,26.67,300,321.15,7.05,725.95,724.35,141.98,2022,11,4,6.782021974,30.83333333,3.023247094,0.2662167229,0.1788526434,0.08805655463,Medium,Medium,321 (7.00%),1
2022-11-16 00:00:00,Global Health Limited,2205.57,30,28.64,4.02,0.88,9.58,336,398.15,18.5,1380.9,1383,310.98,2022,11,4,7.699194553,11.18,2.989561587,0.4196242171,0.09185803758,0.1403631285,Large,Medium,366 (8.93%),1
2022-11-15 00:00:00,Fusion Finance Ltd,,-4,8.59,1.38,0.51,2.95,368,360.5,-2.04,154.05,153.26,-58.14,2022,11,4,7.007591564,3.493333333,2.911864407,0.4677966102,0.1728813559,0.1606519208,Medium,Medium,,
2022-11-11 00:00:00,DCX Systems Ltd,,75,84.32,43.97,61.77,69.79,207,286.25,38.29,251.75,251.8,21.62,2022,11,4,6.216606101,63.35333333,1.208196017,0.630032956,0.8850838229,0.5214658444,Small,Medium,282 (36.23%),1
2022-10-20 00:00:00,Tracxn Technologies,1103.99,-4,1.66,0.23,2.39,0.71,80,83,3.75,52.81,52.85,-33.99,2022,10,4,5.737797353,1.426666667,2.338028169,0.323943662,3.366197183,0.1385542169,Small,Low,79 (-1.25%),-1
2022-10-17 00:00:00,Electronics Mart India,500,30,169.54,63.59,19.72,71.93,59,89.4,51.53,119.4,119.28,102.37,2022,10,4,6.216606101,84.28333333,2.357013763,0.8840539413,0.2741554289,0.3750737289,Small,Low,89 (52.54%),1
2022-09-26 00:00:00,Harsha Engineers,755,150,178.26,40.36,12.44,47.19,330,444,34.55,415,414.8,25.76,2022,9,3,6.628041376,77.02,3.777495232,0.8552659462,0.2636151727,0.2264108605,Medium,Medium,,
2022-09-15 00:00:00,Tamilnad Mercantile,807.84,15,1.62,2.94,6.48,2.86,510,510,0,429.5,429,-15.78,2022,9,3,6.695601122,3.68,0.5664335664,1.027972028,2.265734266,1.814814815,Medium,High,539 (2.67%),1
2022-09-06 00:00:00,Dreamfolks Services,562.1,148,70.53,37.66,43.66,56.68,326,505,54.91,143.9,144.48,-55.86,2022,9,3,6.333457232,50.61666667,1.24435427,0.6644318984,0.7702893437,0.5339571813,Medium,Medium,474 (45.40%),1
2022-08-26 00:00:00,Syrma SGS Technologies,840.13,48,87.56,7.13,2.84,15.59,220,262,19.09,699,701.55,217.73,2022,8,3,6.734746226,32.51,5.616420783,0.4573444516,0.1821680564,0.08142987666,Medium,Medium,268 (21.82%),1
2022-06-03 00:00:00,Aether Industries,808.04,34,17.57,1.33,0.59,2.91,642,706.15,9.99,731.45,731.4,13.93,2022,6,2,6.69584836,6.496666667,6.037800687,0.4570446735,0.2027491409,0.07569721116,Medium,High,697 (8.57%),1
2022-06-01 00:00:00,eMudhra Ltd,412.79,0,4.05,1.28,2.61,2.72,256,271,5.86,762,762,197.66,2022,6,2,6.025358599,2.646666667,1.488970588,0.4705882353,0.9595588235,0.3160493827,Small,Medium,256 (1.00%),0
2022-05-30 00:00:00,Ethos Limited,402.26,-5,1.06,0.76,0.32,0.61,878,830,-5.47,2781.25,2787.1,216.77,2022,5,2,5.999581515,0.7133333333,1.737704918,1.245901639,0.5245901639,0.7169811321,Small,High,873 (-0.57%),-1
2022-05-27 00:00:00,Paradeep Phosphates Limited,1501.73,0,3.01,0.32,0.8,0.83,42,43.55,3.69,218.45,217.73,420.12,2022,5,2,7.315038733,1.376666667,3.626506024,0.3855421687,0.9638554217,0.1063122924,Medium,Low,42 (1.00%),0
2022-05-24 00:00:00,Venus Pipes & Tubes Limited,165.42,45,12.02,6.59,11.12,8.69,326,335,2.76,1356,1351.2,315.95,2022,5,2,5.114514713,9.91,1.383199079,0.7583429229,1.279631761,0.5482529118,Small,Medium,,
2022-05-24 00:00:00,Delhivery Limited,5235,-10,2.66,0.27,0.31,0.39,487,493,1.23,464.9,465.45,-4.54,2022,5,2,8.563313127,1.08,6.820512821,0.6923076923,0.7948717949,0.1015037594,Large,Medium,477 (-2.05%),-1
2022-05-20 00:00:00,Prudent Corporate Advisory Services Limited,537.94,18,1.26,0.74,0.61,0.81,630,660,4.76,2665.65,2683.7,323.12,2022,5,2,6.289604247,0.87,1.555555556,0.9135802469,0.7530864198,0.5873015873,Medium,High,,
2022-05-17 00:00:00,Life Insurance Corporation of India (LIC),20557.2,-30,2.83,1.39,1.14,1.64,949,867.2,-8.62,918.7,918.2,-3.19,2022,5,2,9.931015167,1.786666667,1.725609756,0.8475609756,0.6951219512,0.4911660777,Large,High,,
2022-05-10 00:00:00,Rainbow Children’s Medicare Limited,1580.85,10,38.9,1.37,0.7,5.25,542,506,-6.64,1534.9,1534.2,183.19,2022,5,2,7.366350327,13.65666667,7.40952381,0.260952381,0.1333333333,0.035218509,Medium,High,532 (-1.85%),-1
2022-05-09 00:00:00,Campus Activewear (India) Limited,1399.6,60,152.04,10.68,4.73,28.55,292,355,21.58,260.6,260.15,-10.75,2022,5,2,7.244655995,55.81666667,5.325394046,0.3740805604,0.1656742557,0.07024467245,Medium,Medium,332 (13.70%),1
2022-04-13 00:00:00,Hariom Pipe Industries Limited,130.05,10,1.91,2.68,6.92,3.57,153,214,39.87,513.3,514.15,235.49,2022,4,2,4.87557893,3.836666667,0.5350140056,0.7507002801,1.93837535,1.403141361,Small,Low,,
2022-04-11 00:00:00,Veranda Learning Solutions Limited,200,16,2.02,2.09,5.68,2.24,137,157,14.6,228.75,228.5,66.97,2022,4,2,5.303304908,3.263333333,0.9017857143,0.9330357143,2.535714286,1.034653465,Small,Low,,
2022-04-07 00:00:00,Uma Exports Limited,60,0,2.81,0.94,6.28,4.64,68,80,17.65,46.25,46.17,-31.99,2022,4,2,4.110873864,3.343333333,0.6056034483,0.2025862069,1.353448276,0.334519573,Small,Low,68 (10.70%),0
2022-04-08 00:00:00,Patanjali Foods Limited (formerly Ruchi Soya Industries Limited),4300,20,2.2,11.75,0.9,3.6,650,850,30.77,1811.9,1806.5,178.75,2022,4,2,8.366602833,4.95,0.6111111111,3.263888889,0.25,5.340909091,Large,High,,
2022-02-16 00:00:00,Vedant Fashions Limited,3149.19,-2,7.49,1.07,0.39,2.57,866,936,8.08,741.95,740.2,-14.32,2022,2,1,8.055218047,2.983333333,2.914396887,0.4163424125,0.1517509728,0.1428571429,Large,High,854 (-1.39%),-1
2022-02-08 00:00:00,AWL Agri Business Limited (formerly Adani Wilmar Limited),3600,23,5.73,56.3,3.92,17.37,230,221,-3.91,254,254.2,10.43,2022,2,1,8.188966864,21.98333333,0.3298791019,3.241220495,0.2256764537,9.82547993,Large,Medium,,
2022-01-31 00:00:00,AGS Transact Technologies Limited,680,10,2.68,25.61,3.08,7.79,175,176,0.57,5.22,5.3,-97.02,2022,1,1,6.523562306,10.45666667,0.3440308087,3.287548139,0.3953786906,9.555970149,Medium,Low,169 (-3.43%),-1
2021-12-31 00:00:00,CMS Info Systems Limited,1100,5,1.98,1.45,2.15,1.95,216,218.5,1.16,437.65,438,102.62,2021,12,4,7.003974137,1.86,1.015384615,0.7435897436,1.102564103,0.7323232323,Medium,Medium,208 (-3.70%),-1
2021-12-28 00:00:00,Supriya Lifescience Limited,700,120,31.83,161.22,56.01,71.51,274,425,55.11,656.85,656.45,139.73,2021,12,4,6.552507887,83.02,0.4451125717,2.254509859,0.7832470983,5.065032988,Medium,Medium,404 (47.45%),1
2021-12-27 00:00:00,HP Adhesives Limited,125.96,45,1.82,19.04,81.24,20.96,274,319,16.42,46,46.16,-83.21,2021,12,4,4.843872076,34.03333333,0.08683206107,0.9083969466,3.875954198,10.46153846,Small,Medium,354 (29.20%),1
2021-12-24 00:00:00,Data Patterns (India) Limited,588.22,330,190.86,254.22,23.14,119.62,585,864,47.69,2523.15,2525,331.31,2021,12,4,6.378799628,156.0733333,1.595552583,2.125229895,0.1934459121,1.331971078,Medium,High,905 (54.70%),1
2021-12-23 00:00:00,MedPlus Health Services Limited,1398.3,215,111.9,85.33,5.24,52.59,796,1015,27.51,811.65,813.15,1.9722,2021,12,4,7.243727391,67.49,2.127780947,1.622551816,0.09963871458,0.7625558534,Medium,High,,
2021-12-21 00:00:00,C.E. Info Systems Limited (MapmyIndia),1039.61,600,196.36,424.69,15.2,154.71,1033,1581,53.05,1798.55,1798.8,74.11,2021,12,4,6.947562359,212.0833333,1.269213367,2.745071424,0.0982483356,2.1628132,Medium,High,,
2021-12-20 00:00:00,Shriram Properties Limited,600,-10,1.85,4.82,12.72,4.6,118,94,-20.34,90.3,90.56,-23.47,2021,12,4,6.398594935,6.463333333,0.402173913,1.047826087,2.765217391,2.605405405,Medium,Low,108 (-8.47%),-1
2021-12-17 00:00:00,Rategain Travel Technologies Limited,1335.74,40,8.42,42.04,8.08,17.41,425,364.8,-14.16,482.2,482.4,13.46,2021,12,4,7.197989093,19.51333333,0.4836300976,2.414704193,0.4641010913,4.992874109,Medium,Medium,,
2021-12-14 00:00:00,Anand Rathi Wealth Limited,659.38,50,2.5,25.42,7.76,9.78,550,602.05,9.46,2736.05,2735.9,397.46,2021,12,4,6.492815427,11.89333333,0.2556237219,2.599182004,0.7934560327,10.168,Medium,High,,
2021-12-13 00:00:00,Tega Industries Limited,619.23,310,215.45,666.19,29.44,219.04,453,753,66.23,1801.55,1804.1,297.69,2021,12,4,6.430090377,303.6933333,0.9836102995,3.041407962,0.1344046749,3.092086331,Medium,Medium,723 (59.60%),1
2021-12-10 00:00:00,Star Health and Allied Insurance Company Limited,6400.44,5,1.03,0.19,1.1,0.79,900,848.8,-5.69,436.3,436.8,-51.52,2021,12,4,8.764278244,0.7733333333,1.303797468,0.2405063291,1.392405063,0.1844660194,Large,High,,
2021-11-30 00:00:00,Go Fashion (India) Limited,1013.61,488,100.73,262.08,49.7,135.46,690,1316,90.72,700.85,700.1,1.57,2021,11,4,6.922259581,137.5033333,0.7436143511,1.934740883,0.3668979773,2.60180681,Medium,High,1185 (71.74%),1
2021-11-26 00:00:00,Tarsons Products,1023.47,175,115.77,184.58,10.56,77.49,662,700,5.74,372.35,373.05,-43.75,2021,11,4,6.931930685,103.6366667,1.493999226,2.381984772,0.1362756485,1.594368144,Medium,High,842 (27.19%),1
2021-11-23 00:00:00,Latent View Analytics,600,295,145.48,850.66,119.44,326.49,197,530,169.04,397.5,395.4,101.78,2021,11,4,6.398594935,371.86,0.44558792,2.605470305,0.3658305002,5.847264229,Medium,Low,462 (134.52%),1
2021-11-18 00:00:00,Sapphire Foods India,2073.25,100,7.5,3.46,8.7,6.62,1180,1311,11.1,321.25,320.55,-72.78,2021,11,4,7.637354922,6.553333333,1.132930514,0.5226586103,1.314199396,0.4613333333,Large,High,,
2021-11-18 00:00:00,One97 Communications,18300,-200,2.79,0.24,1.66,1.89,2150,1955,-9.07,1103.45,1095.5,-48.68,2021,11,4,9.814710982,1.563333333,1.476190476,0.126984127,0.8783068783,0.08602150538,Large,High,,
2021-11-15 00:00:00,PB Fintech,5709.72,123,24.89,7.82,3.31,16.59,980,1150,17.35,1830.75,1832.5,86.81,2021,11,4,8.650100389,12.00666667,1.500301386,0.4713682942,0.1995177818,0.3141824026,Large,High,,
2021-11-15 00:00:00,S.J.S Enterprises Limited,800,20,1.42,2.32,1.38,1.59,542,540,-0.37,1184.15,1187.1,118.48,2021,11,4,6.685860947,1.706666667,0.893081761,1.459119497,0.8679245283,1.633802817,Medium,High,612 (12.92%),1
2021-11-15 00:00:00,Sigachi Industries Limited,125.43,220,86.51,172.43,80.49,101.91,163,575,252.76,31.63,31.65,-80.6,2021,11,4,4.839688795,113.1433333,0.8488862722,1.691983122,0.7898145422,1.993179979,Small,Low,388 (138.04%),1
2021-11-12 00:00:00,Fino Payments Bank Limited,1200.29,-29,1.65,0.21,5.92,2.03,577,548,-5.03,251.6,251.65,-56.4,2021,11,4,7.091151258,2.593333333,0.8128078818,0.1034482759,2.916256158,0.1272727273,Medium,High,,
2021-11-10 00:00:00,FSN E Commerce Ventures Limited (Nykaa),5349.72,742,91.18,112.02,12.24,81.78,1125,2001,77.87,202.9,203.08,-81.96,2021,11,4,8.58498641,71.81333333,1.114942529,1.369772561,0.1496698459,1.228558894,Large,High,,
2021-10-11 00:00:00,Aditya Birla Sun Life AMC Limited,2768.26,25,10.36,4.39,3.24,5.24,712,712,0,847.9,848.4,19.09,2021,10,4,7.926335415,5.996666667,1.977099237,0.8377862595,0.6183206107,0.4237451737,Large,High,,
2021-10-01 00:00:00,Paras Defence and Space Technologies Limited,170.78,235,169.65,927.7,112.81,304.26,175,475,171.43,652.05,652.2,272.6,2021,10,4,5.146214588,403.3866667,0.5575823309,3.049037008,0.3707684217,5.468317123,Small,Low,,
2021-09-24 00:00:00,Sansera Engineering Limited,1282.52,65,0.29,0.07,0.87,0.53,744,811.35,9.05,1277.65,1275,71.73,2021,9,3,7.157361583,0.41,0.5471698113,0.1320754717,1.641509434,0.2413793103,Medium,High,804 (8.06%),1
2021-09-14 00:00:00,Vijaya Diagnostic Centre Limited,1894.26,-5,13.07,1.32,1.09,4.54,531,542.3,2.13,1055.5,1056.4,98.78,2021,9,3,7.547111311,5.16,2.878854626,0.2907488987,0.2400881057,0.1009946442,Medium,High,,
2021-09-14 00:00:00,Acutaas Chemicals Limited,569.64,290,86.64,154.81,13.36,64.54,610,902,47.87,1300.7,1294.4,113.23,2021,9,3,6.346758538,84.93666667,1.342423303,2.398667493,0.2070034087,1.786819021,Medium,High,,
2021-08-24 00:00:00,Aptus Value Housing Finance India Limited,2780.05,-10,32.41,33.91,1.35,17.2,353,329.95,-6.53,336.65,337,-4.63,2021,8,3,7.930583833,22.55666667,1.884302326,1.971511628,0.07848837209,1.046282012,Large,Medium,,
2021-08-24 00:00:00,Chemplast Sanmar Limited,3850,-10,2.7,1.03,2.29,2.17,541,525,-2.96,409.15,409.85,-24.37,2021,8,3,8.256088134,2.006666667,1.244239631,0.4746543779,1.055299539,0.3814814815,Large,High,526 (-2.77%),-1
2021-08-23 00:00:00,Nuvoco Vistas Corporation Limited,5000,-10,4.23,0.66,0.73,1.71,570,471,-17.37,450.75,451.9,-20.92,2021,8,3,8.517393171,1.873333333,2.473684211,0.3859649123,0.4269005848,0.1560283688,Large,High,558 (-2.11%),-1
2021-08-20 00:00:00,CarTrade Tech Limited,2998.51,105,35.45,41,2.75,20.29,1618,1600,-1.11,2281.45,2280,41,2021,8,3,8.006204221,26.4,1.747166092,2.020699852,0.1355347462,1.156558533,Large,High,1758 (8.65%),1
2021-08-16 00:00:00,Devyani International Limited,1838,55,95.27,213.06,39.52,116.71,90,141,56.67,154.55,154.54,71.72,2021,8,3,7.516977225,115.95,0.816296804,1.82555051,0.3386170851,2.236380812,Medium,Low,149 (65.56%),1
2021-08-16 00:00:00,Windlas Biotech Limited,401.54,35,24.4,15.73,24.27,22.47,460,439,-4.57,929.1,929.5,101.98,2021,8,3,5.997794471,21.46666667,1.085892301,0.7000445038,1.080106809,0.6446721311,Small,Medium,540 (17.39%),1
2021-08-16 00:00:00,Exxaro Tiles Limited,160.77,7.5,17.67,5.36,40.1,22.68,120,126,5,7.85,7.82,-93.46,2021,8,3,5.086175573,21.04333333,0.7791005291,0.2363315697,1.768077601,0.3033389926,Small,Low,125 (4.17%),1
2021-08-16 00:00:00,Krsnaa Diagnostics Limited,1213.34,55,49.83,116.3,42.04,64.4,954,1025,7.44,836,831.7,-12.37,2021,8,3,7.101955998,69.39,0.773757764,1.805900621,0.6527950311,2.33393538,Medium,High,1176 (23.27%),1
2021-08-09 00:00:00,Rolex Rings Limited,731.1,375,143.58,360.11,24.49,130.44,900,1249,38.78,1379.6,1385.3,53.29,2021,8,3,6.595917117,176.06,1.100735971,2.760732904,0.1877491567,2.50807912,Medium,High,1355 (50.56%),1
2021-08-06 00:00:00,Alivus Life Sciences Limited,1513.6,86,36.97,122.54,14.63,44.17,720,751.1,4.32,937.7,937.5,30.24,2021,8,3,7.322906657,58.04666667,0.8369934345,2.774281186,0.3312202853,3.314579389,Medium,High,,
2021-07-29 00:00:00,Tatva Chintan Pharma Chem Limited,500,1150,185.23,512.22,35.35,180.36,1083,2111.8,95,1036.25,1038.9,-4.32,2021,7,3,6.216606101,244.2666667,1.027001552,2.839986693,0.1959968951,2.765318793,Small,High,2193 (102.49%),1
2021-07-23 00:00:00,Eternal Limited,9375,23,51.79,32.96,7.45,38.25,76,115,51.32,305.6,304.75,302.11,2021,7,3,9.145908512,30.73333333,1.353986928,0.8616993464,0.1947712418,0.6364162966,Large,Low,,
2021-07-19 00:00:00,G R Infraprojects Limited,962.33,380,75.4,165.03,7.69,59.1,837,1700,103.11,1242.35,1240.8,48.43,2021,7,3,6.870396032,82.70666667,1.275803723,2.792385787,0.1301184433,2.18872679,Medium,High,1412 (68.70%),1
2021-07-19 00:00:00,Clean Science and Technology Limited,1546.62,435,70.31,110.28,5.71,46.57,900,1784.4,98.27,1174.9,1173.5,30.54,2021,7,3,7.344473546,62.1,1.509770238,2.3680481,0.122611123,1.568482435,Medium,High,,
2021-07-05 00:00:00,India Pesticides Limited,800,61,42.95,51.88,11.3,29.04,296,360,21.62,219.8,219.79,-25.74,2021,7,3,6.685860947,35.37666667,1.47899449,1.786501377,0.3891184573,1.207916182,Medium,Medium,331 (11.82%),1
2021-06-28 00:00:00,Dodla Dairy Limited,520.18,95,84.88,73.26,11.33,45.61,428,528,23.36,1299,1301.1,203.5,2021,6,2,6.256095472,56.49,1.860995396,1.606226705,0.2484104363,0.8631008483,Medium,Medium,508 (18.69%),1
2021-06-28 00:00:00,Krishna Institute of Medical Sciences Limited,2143.74,225,5.26,1.89,2.9,3.86,825,1008.9,22.29,729.9,728.6,-11.53,2021,6,2,7.670773612,3.35,1.362694301,0.4896373057,0.7512953368,0.3593155894,Large,High,,
2021-06-24 00:00:00,Sona BLW Precision Forgings Limited,5550,2,3.46,0.39,1.57,2.28,291,302.4,3.92,447.85,448.25,53.9,2021,6,2,8.621733371,1.806666667,1.51754386,0.1710526316,0.6885964912,0.112716763,Large,Medium,,
2021-06-24 00:00:00,Shyam Metalics and Energy Limited,908.55,127,155.71,339.98,11.58,121.4,306,367,19.93,944.65,946.15,208.71,2021,6,2,6.812949972,169.09,1.28261944,2.800494234,0.09538714992,2.183417892,Medium,Medium,,
2021-05-14 00:00:00,Powergrid Infrastructure Investment Trust,7734.99,0,4.63,5.07,0,4.83,100,104,4,91.25,91.2,-8.75,2021,5,2,8.953638744,3.233333333,0.9585921325,1.049689441,0,1.095032397,Large,Low,,
2021-04-19 00:00:00,Macrotech Developers Limited (Lodha Group),2500,0,3.05,1.44,0.4,1.36,486,439,-9.67,1222.5,1223.3,151.54,2021,4,2,7.824445931,1.63,2.242647059,1.058823529,0.2941176471,0.4721311475,Large,Medium,,
2021-04-07 00:00:00,Barbeque Nation Hospitality Limited,452.87,10,5.11,3.1,13.13,5.98,500,492,-1.6,256.35,256.2,-48.73,2021,4,2,6.117810813,7.113333333,0.8545150502,0.5183946488,2.195652174,0.6066536204,Small,Medium,,
2021-03-30 00:00:00,Nazara Technologies Limited,582.69,750,103.77,389.89,75.29,175.46,1101,1971,79.02,1415.9,1416,28.6,2021,3,1,6.36937002,189.65,0.5914168471,2.222101904,0.4291006497,3.757251614,Medium,High,1841 (67.21%),1
2021-03-26 00:00:00,Suryoday Small Finance Bank Limited,580.84,30,2.18,1.31,3.09,2.37,305,293,-3.93,123.25,123.08,-59.59,2021,3,1,6.366195496,2.193333333,0.9198312236,0.552742616,1.303797468,0.6009174312,Medium,Medium,295 (-3.28%),-1
2021-03-26 00:00:00,Kalyan Jewellers India Limited,1174.82,-5,2.76,1.91,2.82,2.61,87,73.9,-15.06,521.35,523.75,499.25,2021,3,1,7.069721056,2.496666667,1.057471264,0.7318007663,1.08045977,0.6920289855,Medium,Low,,
2021-03-25 00:00:00,Craftsman Automation Limited,823.7,30,5.21,2.84,3.43,3.81,1490,1350,-9.4,6844.85,6842,359.39,2021,3,1,6.715019684,3.826666667,1.367454068,0.7454068241,0.9002624672,0.5451055662,Medium,High,1520 (2.01%),1
2021-03-25 00:00:00,Laxmi Organic Industries Limited,600,40,175.43,217.62,20.06,106.79,130,156.2,20.15,183.5,183.7,41.15,2021,3,1,6.398594935,137.7033333,1.642756812,2.037831258,0.1878453039,1.240494784,Medium,Low,,
2021-03-24 00:00:00,Anupam Rasayan India Limited,760,60,65.74,97.42,10.77,44.06,555,534.7,-3.66,1135.3,1138,104.56,2021,3,1,6.634633358,57.97666667,1.492056287,2.211075806,0.2444394008,1.481898388,Medium,High,,
2021-03-19 00:00:00,Easy Trip Planners Limited,510,160,77.53,382.21,70.4,159.33,187,206,10.16,9.25,9.27,-95.05,2021,3,1,6.23636959,176.7133333,0.4866001381,2.398857717,0.4418502479,4.929833613,Medium,Low,,
2021-03-15 00:00:00,MTAR Technologies Limited,596.41,500,164.99,650.79,28.4,200.79,575,1063.9,85.03,1475,1476.3,156.52,2021,3,1,6.392603645,281.3933333,0.8217042681,3.241147468,0.1414413068,3.944420874,Medium,High,1155 (100.87%),1
2021-03-05 00:00:00,Heranba Industries Limited,625.24,240,67.45,271.15,11.84,83.29,627,900,43.54,353.1,355,-43.68,2021,3,1,6.439733684,116.8133333,0.809821107,3.255492856,0.14215392,4.020014826,Medium,High,897 (43.06%),1
2021-02-26 00:00:00,Railtel Corporation of India Limited,819.24,20,65.14,73.25,16.78,42.39,94,104.6,11.28,350.05,350.7,272.39,2021,2,1,6.70959698,51.72333333,1.53668318,1.728001887,0.3958480774,1.124501075,Medium,Low,,
2021-02-25 00:00:00,Nureca Limited,100,450,3.1,31.59,166.65,39.93,400,634.95,58.74,238.05,236.34,-40.49,2021,2,1,4.615120517,67.11333333,0.07763586276,0.7911344853,4.173553719,10.19032258,Small,Medium,470 (17.50%),1
2021-02-16 00:00:00,Brookfield India Real Estate Trust,3800,0,4.78,11.74,0,7.94,275,275.05,0.02,313.46,313.45,13.99,2021,2,1,8.243019469,5.506666667,0.6020151134,1.478589421,0,2.456066946,Large,Medium,,
2021-02-05 00:00:00,Stove Kraft Limited,412.63,30,8.02,32.72,26.04,18.03,385,467,21.3,587.65,587.05,52.64,2021,2,1,6.024971854,22.26,0.4448141986,1.814753189,1.444259567,4.079800499,Small,Medium,420 (9.09%),1
2021-02-03 00:00:00,Home First Finance Company India Limited,1153.72,90,52.53,39,6.59,26.66,518,612.15,18.18,1246.25,1250,140.59,2021,2,1,7.051613169,32.70666667,1.970367592,1.462865716,0.2471867967,0.7424328955,Medium,High,,
2021-02-02 00:00:00,Indigo Paints Limited,1169.12,550,189.57,263.05,15.93,117.02,1490,2607.5,75,1105.85,1101.7,-25.78,2021,2,1,7.064861587,156.1833333,1.619979491,2.247906341,0.136130576,1.387614074,Medium,High,2240 (50.34%),1
2021-01-29 00:00:00,Indian Railway Finance Corporation Limited,4633.38,1,3.78,2.67,3.66,3.49,26,25,-3.85,126.4,126.3,386.15,2021,1,1,8.441257704,3.37,1.083094556,0.7650429799,1.048710602,0.7063492063,Large,Low,,
2021-01-01 00:00:00,Antony Waste Handling Cell Ltd,299.99,20,0.89,0.26,0.37,0.49,315,430,36.51,581.45,577.35,84.59,2021,1,1,5.707077042,0.5066666667,1.816326531,0.5306122449,0.7551020408,0.2921348315,Small,Medium,,
2020-12-24 00:00:00,Mrs Bectors Food Specialities Ltd,540.54,180,176.85,620.86,29.33,198.02,288,501,73.96,1441.2,1444.7,400.42,2020,12,4,6.294416933,275.68,0.8930916069,3.135339865,0.1481163519,3.51065875,Medium,Medium,,
2020-12-14 00:00:00,Restaurant Brands Asia Ltd,810,40,86.64,354.11,68.15,156.65,60,115.35,92.25,77.97,77.85,29.95,2020,12,4,6.698268054,169.6333333,0.5530801149,2.260517076,0.4350462815,4.087142198,Medium,Low,,
2020-11-20 00:00:00,Gland Pharma Ltd,6479.55,150,6.4,0.51,0.24,2.06,1500,1701,13.4,1930.25,1933.7,28.68,2020,11,4,8.776560662,2.383333333,3.106796117,0.2475728155,0.1165048544,0.0796875,Large,High,1618 (7.87%),1
2020-11-02 00:00:00,Equitas Small Finance Bank Ltd,517.6,0,3.91,0.22,2.08,1.95,33,31,-6.06,55,54.89,66.67,2020,11,4,6.251132873,2.07,2.005128205,0.1128205128,1.066666667,0.05626598465,Medium,Low,,
2020-10-12 00:00:00,UTI Asset Management Company Ltd,2159.88,35,3.34,0.93,2.32,2.31,554,490.25,-11.51,1331.1,1333,140.27,2020,10,4,7.678270825,2.196666667,1.445887446,0.4025974026,1.004329004,0.2784431138,Large,High,,
2020-10-15 00:00:00,Likhitha Infrastructure Ltd,61.2,25,21.99,1.54,23.71,9.51,120,130.1,8.42,253.6,253.85,111.33,2020,10,4,4.130355,15.74666667,2.312302839,0.1619348055,2.493165089,0.07003183265,Small,Low,126 (5.00%),1
2020-10-12 00:00:00,Mazagon Dock Shipbuilders Ltd,443.69,150,89.71,678.88,35.63,157.41,145,216.25,49.14,2698.3,2701.1,1760.9,2020,10,4,6.09737741,268.0733333,0.5699129661,4.312813671,0.226351566,7.567495263,Small,Low,,
2020-10-05 00:00:00,Angel One Ltd,600,10,3.07,0.11,1.83,1.81,306,275,-10.13,2527.55,2531.7,726,2020,10,4,6.398594935,1.67,1.696132597,0.06077348066,1.011049724,0.03583061889,Medium,Medium,,
2020-10-01 00:00:00,Computer Age Management Services Ltd,2242.11,100,73.18,111.85,5.55,46.99,1230,1518,23.41,3793.8,3790,208.44,2020,10,4,7.715618575,63.52666667,1.557352628,2.38029368,0.1181102362,1.528423066,Large,High,,
2020-10-01 00:00:00,Chemcon Speciality Chemicals Ltd,318,140,113.54,449.14,41.21,149.33,340,730.95,114.99,231.95,231.15,-31.78,2020,10,4,5.765191103,201.2966667,0.7603294716,3.007701065,0.2759659814,3.955786507,Small,Medium,,
2020-09-21 00:00:00,Route Mobile Ltd,600,200,89.76,192.81,12.67,73.3,350,708,102.29,874.85,874.1,149.96,2020,9,3,6.398594935,98.41333333,1.224556617,2.63042292,0.172851296,2.148061497,Medium,Medium,660 (88.57%),1
2020-09-17 00:00:00,Happiest Minds Technologies Ltd,702.02,160,77.43,351.46,70.94,150.98,166,351,111.45,581.3,580.15,250.18,2020,9,3,6.555385341,166.61,0.512849384,2.327857994,0.4698635581,4.539067545,Medium,Low,,
2020-08-07 00:00:00,Mindspace Business Parks REIT,4500,0,,,,,275,304,10.55,415.05,415.4,50.93,2020,8,3,8.412054873,,,,,,Large,Medium,,
2020-07-27 00:00:00,Yes Bank Ltd,15000,0,1.9,0.63,0.47,0.93,12,12.3,2.5,18.79,18.76,56.58,2020,7,3,9.615872145,1,2.043010753,0.6774193548,0.5053763441,0.3315789474,Large,Low,,
2020-07-23 00:00:00,Rossari Biotech Ltd,496.25,350,85.26,239.83,7.23,79.37,425,670,57.65,636.05,635.8,49.66,2020,7,3,6.209092918,110.7733333,1.074209399,3.021670656,0.09109235227,2.81292517,Small,Medium,,
2020-03-16 00:00:00,SBI Cards & Payment Services Ltd,10340.8,-100,57.18,45.23,2.5,26.54,755,658,-12.85,797.85,798.4,5.68,2020,3,1,9.243949214,34.97,2.154483798,1.704220045,0.09419743783,0.791010843,Large,High,,
2019-12-30 00:00:00,Prince Pipes and Fittings Ltd,500,0,3.54,1.21,1.89,2.21,178,160,-10.11,291.35,291.1,63.68,2019,12,4,6.216606101,2.213333333,1.601809955,0.5475113122,0.8552036199,0.3418079096,Small,Low,,
2019-12-12 00:00:00,Ujjivan Small Finance Bank Ltd,745.95,20,110.72,473,49.09,165.69,37,58,56.76,43.27,43.28,16.95,2019,12,4,6.615998248,210.9366667,0.6682358622,2.85472871,0.2962761784,4.272037572,Medium,Low,,
2019-12-04 00:00:00,CSB Bank Ltd,409.68,50,62.18,164.68,44.53,86.93,195,275,41.03,412.8,411.35,111.69,2019,12,4,6.017814322,90.46333333,0.7152881629,1.894397791,0.5122512366,2.648440013,Small,Low,,
2019-10-15 00:00:00,Vishwaraj Sugar Industries Ltd,60,0,1,1.76,0.64,1.12,60,61.2,2,8.9,8.92,-85.17,2019,10,4,4.110873864,1.133333333,0.8928571429,1.571428571,0.5714285714,1.76,Small,Low,,
2019-10-14 00:00:00,Indian Railway Catering and Tourism Corporation Ltd,637.97,80,108.79,354.52,14.94,111.95,320,644,101.25,726.65,725.5,127.08,2019,10,4,6.459857505,159.4166667,0.971773113,3.16677088,0.1334524341,3.2587554,Medium,Medium,,
2019-08-20 00:00:00,Sterling and Wilson Solar Ltd,2849.64,-5,1.02,0.89,0.3,0.85,780,700,-10.26,282,283.15,-63.85,2019,8,3,7.955298809,0.7366666667,1.2,1.047058824,0.3529411765,0.8725490196,Large,High,,
2019-08-19 00:00:00,Spandana Sphoorty Financial Ltd,1189.85,100,3.11,0.55,0.09,1.05,856,824,-3.74,248.2,248.2,-71,2019,8,3,7.082422617,1.25,2.961904762,0.5238095238,0.08571428571,0.1768488746,Medium,High,,
2019-08-08 00:00:00,Affle (India) Ltd,459,205,55.31,198.69,10.96,86.49,745,929.9,24.82,1975.3,1972.3,165.14,2019,8,3,6.131226489,88.32,0.6394958955,2.297259799,0.126719852,3.592297957,Small,High,,
2019-07-04 00:00:00,Indiamart Intermesh Ltd,475.59,200,14.92,15.78,3.03,12.95,973,1180,21.27,2574,2570.2,164.54,2019,7,3,6.166656582,11.24333333,1.152123552,1.218532819,0.233976834,1.057640751,Small,High,,
2019-05-08 00:00:00,Neogen Chemicals Ltd,132.35,45,30.49,113.88,16.06,41.18,215,251,16.74,1420,1420.5,560.47,2019,5,2,4.892977251,53.47666667,0.740407965,2.765420107,0.3899951433,3.73499508,Small,Medium,,
2019-04-16 00:00:00,Polycab India Ltd,1345.26,95,92.44,110.42,4.65,51.96,538,633,17.66,6649.05,6644,1135.88,2019,4,2,7.205085656,69.17,1.779060816,2.125096228,0.08949191686,1.194504543,Medium,High,,
2019-04-15 00:00:00,Metropolis Healthcare Ltd,1204.29,50,8.88,3.03,2.21,5.84,880,960,9.09,2060.8,2055.7,134.18,2019,4,2,7.094475481,4.706666667,1.520547945,0.5188356164,0.3784246575,0.3412162162,Medium,High,,
2019-04-11 00:00:00,Rail Vikas Nigam Ltd,477.11,1,1.36,0.8,2.93,1.83,19,19,0,344.55,344.45,1713.42,2019,4,2,6.169840832,1.696666667,0.7431693989,0.4371584699,1.601092896,0.5882352941,Small,Low,,
2019-04-01 00:00:00,Embassy Office Parks REIT,4750,0,2.15,3.09,0,2.57,300,300,0,385,384.76,28.33,2019,4,2,8.466110401,1.746666667,0.8365758755,1.20233463,0,1.437209302,Large,Medium,,
2019-03-29 00:00:00,MSTC Ltd,211.04,10,0.29,1.71,2.18,0.7,120,111,-7.5,470.9,470.3,292.42,2019,3,1,5.356774936,1.393333333,0.4142857143,2.442857143,3.114285714,5.896551724,Small,Low,,
2019-02-07 00:00:00,Chalet Hotels Ltd,1641.18,11,4.66,1.1,0.03,1.57,280,291,3.93,879.2,878.35,214,2019,2,1,7.403779906,1.93,2.968152866,0.7006369427,0.01910828025,0.2360515021,Medium,Medium,,
2019-02-04 00:00:00,Xelpmoc Design and Technologies Ltd,23,-10,1.24,7.69,2.64,3.25,66,56,-15.15,91.73,91.45,38.98,2019,2,1,3.17805383,3.856666667,0.3815384615,2.366153846,0.8123076923,6.201612903,Small,Low,,
2018-10-08 00:00:00,AAVAS Financiers Ltd,1640.32,-53,2.77,0.26,0.25,0.97,821,758,-7.67,1713.35,1712.8,108.69,2018,10,4,7.403256075,1.093333333,2.855670103,0.2680412371,0.2577319588,0.09386281588,Medium,High,,
2018-10-10 00:00:00,Garden Reach Shipbuilders & Engineers Ltd,343.59,-14,1.81,0.31,0.24,1.02,118,104,-11.86,2515.75,2516.9,2031.99,2018,10,4,5.842355305,0.7866666667,1.774509804,0.3039215686,0.2352941176,0.1712707182,Small,Low,,
2018-09-28 00:00:00,Ircon International Ltd,466.94,-65,12.29,4.92,10.07,9.9,475,410.3,-13.62,167.25,167.41,-64.79,2018,9,3,6.148340083,9.093333333,1.241414141,0.496969697,1.017171717,0.4003254679,Small,Medium,,
2018-08-23 00:00:00,CreditAccess Grameen Ltd,1131.19,-37,5.52,0.98,0.88,2.22,422,385,-8.77,1281,1279.8,203.55,2018,8,3,7.031909089,2.46,2.486486486,0.4414414414,0.3963963964,0.1775362319,Medium,Medium,,
2018-08-06 00:00:00,HDFC Asset Management Company Ltd,2800.33,625,192.26,195.15,6.73,83.06,1100,1739,58.09,5490.45,5496,399.13,2018,8,3,7.937849583,131.38,2.314712256,2.349506381,0.08102576451,1.015031728,Large,High,,
2018-07-30 00:00:00,TCNS Clothing Co. Ltd,1125.13,10,13.47,5.08,0.67,5.27,716,715,-0.14,583.9,583.95,-18.45,2018,7,3,7.026542255,6.406666667,2.55597723,0.9639468691,0.1271347249,0.3771343727,Medium,High,,
2018-07-06 00:00:00,Varroc Engineering Ltd,1954.96,50,9.16,2.45,0.95,3.59,967,1032,6.72,520,520,-46.23,2018,7,3,7.5786364,4.186666667,2.551532033,0.6824512535,0.2646239554,0.2674672489,Medium,High,,
2018-07-02 00:00:00,Fine Organic Industries Ltd,600.17,32,12.86,21.01,1.62,8.99,783,815,4.09,4838.4,4848.5,517.93,2018,7,3,6.398877756,11.83,1.430478309,2.337041157,0.1802002225,1.633748056,Medium,High,,
2018-07-02 00:00:00,Rites Ltd,460.51,35,71.72,194.56,15.74,67.24,185,190,2.7,251.35,250.5,35.86,2018,7,3,6.134503722,94.00666667,1.066627008,2.893515764,0.2340868531,2.712771891,Small,Low,,
2018-05-21 00:00:00,Indostar Capital Finance Ltd,1844,30,16.08,6.91,1.48,6.8,572,600,4.9,275.2,275.8,-51.89,2018,5,2,7.520234556,8.156666667,2.364705882,1.016176471,0.2176470588,0.4297263682,Medium,High,,
2018-04-09 00:00:00,Lemon Tree Hotels Ltd,1038.68,5,3.89,0.12,0.12,1.19,56,61.6,10,145.5,145.25,159.82,2018,4,2,6.946668252,1.376666667,3.268907563,0.1008403361,0.1008403361,0.03084832905,Medium,Low,,
2018-04-04 00:00:00,ICICI Securities Ltd,3514.85,-89,1.04,0.36,0.88,0.78,520,431.1,-17.1,895.7,896.2,72.25,2018,4,2,8.165036596,0.76,1.333333333,0.4615384615,1.128205128,0.3461538462,Large,High,,
2018-04-04 00:00:00,Mishra Dhatu Nigam Ltd (MIDHANI),435.02,-3,1.96,0.13,0.72,1.21,90,87,-3.33,389.9,389.5,333.22,2018,4,2,6.077688114,0.9366666667,1.619834711,0.1074380165,0.5950413223,0.06632653061,Small,Low,,
2018-04-02 00:00:00,Sandhar Technologies Ltd,512.48,40,14.49,6.39,1.42,6.19,332,345,3.92,422.35,421.85,27.21,2018,4,2,6.24121108,7.433333333,2.340872375,1.032310178,0.2294022617,0.4409937888,Medium,Medium,,
2018-03-28 00:00:00,Hindustan Aeronautics Ltd (HAL),4113.13,-46,1.73,1701,0.39,0.99,1215,1169,-3.79,4335,4334.8,256.79,2018,3,1,8.322182669,0.7166666667,1.747474747,0.0303030303,0.3939393939,0.01734104046,Large,High,,
2018-04-02 00:00:00,Dharan Infra EPC Ltd,77.4,-24,1.55,3.44,2.01,2.54,180,136,-24.44,0.47,0.42,-99.74,2018,4,2,4.361823927,2.333333333,0.6102362205,1.354330709,0.7913385827,2.219354839,Small,Low,,
2018-03-27 00:00:00,Bandhan Bank Ltd,4473.02,35,38.67,13.89,1.2,14.63,375,485,29.33,167.2,166.73,-55.41,2018,3,1,8.406042612,17.92,2.643198906,0.9494190021,0.08202323992,0.359193173,Large,Medium,,
2018-03-23 00:00:00,Bharat Dynamics Ltd,952.79,-68,1.5,0.5,1.41,1.3,428,360,-15.89,1476,1479.5,244.86,2018,3,1,6.860443521,1.136666667,1.153846154,0.3846153846,1.084615385,0.3333333333,Medium,Medium,,
2018-03-09 00:00:00,H.G. Infra Engineering Ltd,462,10,8.37,4.97,3.08,4.98,270,270,0,995,994.9,268.52,2018,3,1,6.137727054,5.473333333,1.680722892,0.9979919679,0.6184738956,0.5937873357,Small,Medium,,
2018-02-26 00:00:00,Aster DM Healthcare Ltd,980.14,-8,2.1,0.55,1.18,1.31,190,182.1,-4.16,589.35,589.25,210.18,2018,2,1,6.888715161,1.276666667,1.603053435,0.4198473282,0.9007633588,0.2619047619,Medium,Low,,
2018-02-08 00:00:00,Galaxy Surfactants Ltd,937.09,40,54.27,6.96,6.01,20,1480,1520,2.7,2385,2379.6,61.15,2018,2,1,6.843845893,22.41333333,2.7135,0.348,0.3005,0.1282476506,Medium,High,,
2018-01-30 00:00:00,Amber Enterprises India Ltd,599.57,320,174.99,519.26,11.65,165.42,859,1180,37.37,6855.2,6840,698.04,2018,1,1,6.397879204,235.3,1.057852738,3.139040019,0.07042679241,2.967369564,Medium,High,,
2018-01-29 00:00:00,Newgen Software Technologies Ltd,424.62,30,15.62,5.52,5.18,8.25,245,253,3.27,868.4,867.1,254.45,2018,1,1,6.053546929,8.773333333,1.893333333,0.6690909091,0.6278787879,0.3533930858,Small,Medium,,
2018-01-22 00:00:00,Apollo Micro Systems Ltd,156,200,101.93,958.07,40.19,248.51,275,478,73.82,185.3,185.31,-32.62,2018,1,1,5.056245805,366.73,0.4101645809,3.855257334,0.1617238743,9.399293633,Small,Medium,,
2017-12-29 00:00:00,Astron Paper & Board Mill Ltd,69.83,29,103.36,396.99,77.93,243.29,50,114,128,14.75,14.73,-70.5,2017,12,4,4.26028264,192.76,0.4248427802,1.63175634,0.3203173168,3.840847523,Small,Low,,
2017-12-18 00:00:00,Future Supply Chain Solutions Ltd,649.7,10,12.36,11.15,3.28,7.56,664,674,1.51,2.39,2.23,-99.64,2017,12,4,6.478048707,8.93,1.634920635,1.474867725,0.4338624339,0.9021035599,Medium,High,,
2017-12-15 00:00:00,Shalby Ltd,504.8,-11,4.34,0.42,2.98,2.82,248,237,-4.44,204.15,203.95,-17.68,2017,12,4,6.226141334,2.58,1.539007092,0.1489361702,1.056737589,0.09677419355,Medium,Medium,,
2017-11-17 00:00:00,HDFC Life Insurance Company Ltd,8695,10,16.6,2.29,0.94,4.9,290,311,7.24,761.45,760.45,162.57,2017,11,4,9.070618429,6.61,3.387755102,0.4673469388,0.1918367347,0.1379518072,Large,Medium,,
2017-11-14 00:00:00,Khadim India Ltd,543.06,20,2.44,0.18,2.33,1.9,750,727,-3.07,261.75,262.2,-65.1,2017,11,4,6.299059535,1.65,1.284210526,0.09473684211,1.226315789,0.0737704918,Medium,High,,
2017-11-13 00:00:00,New India Assurance Company Ltd,9466.98,-51,2.34,0.12,0.11,1.19,800,748.9,-6.39,187.35,186.76,-76.58,2017,11,4,9.155670858,0.8566666667,1.966386555,0.1008403361,0.09243697479,0.05128205128,Large,High,,
2017-11-10 00:00:00,Mahindra Logistics Ltd,828.88,19,15.6,2.07,6.1,7.9,429,432,0.7,326.5,328.6,-23.89,2017,11,4,6.721281112,7.923333333,1.974683544,0.2620253165,0.7721518987,0.1326923077,Medium,Medium,,
2017-11-06 00:00:00,Nippon Life India Asset Management Ltd,1542.24,42,118.4,209.44,5.65,81.54,252,294,16.67,806,809.6,219.84,2017,11,4,7.341639381,111.1633333,1.452048075,2.56855531,0.06929114545,1.768918919,Medium,Medium,,
2017-10-25 00:00:00,General Insurance Corporation of India Ltd,11175.8,-62,2.25,0.22,0.63,1.38,912,850,-6.8,396.2,395.5,-56.56,2017,10,4,9.32159548,1.033333333,1.630434783,0.1594202899,0.4565217391,0.09777777778,Large,High,,
2017-10-23 00:00:00,Indian Energy Exchange Ltd,1000.73,15,2.56,0.85,2.61,2.28,1650,1500,-9.09,137.85,137.64,-91.65,2017,10,4,6.909483784,2.006666667,1.122807018,0.3728070175,1.144736842,0.33203125,Medium,High,,
2017-10-18 00:00:00,MAS Financial Services Ltd,460.04,200,148.33,378.53,15.97,128.39,459,660,43.79,301.85,301.3,-34.24,2017,10,4,6.133484807,180.9433333,1.155308046,2.948282577,0.1243866345,2.551944988,Small,Medium,,
2017-10-16 00:00:00,Godrej Agrovet Ltd,1157.31,160,150.96,236.04,7.67,95.41,460,621,35,794.9,794.45,72.8,2017,10,4,7.054717325,131.5566667,1.582224086,2.473954512,0.08038989624,1.563593005,Medium,Medium,,
2017-10-05 00:00:00,Prataap Snacks Ltd,481.56,230,76.89,101.15,8.48,47.39,938,1250,33.26,904.45,904.3,-3.58,2017,10,4,6.179105265,62.17333333,1.622494197,2.134416544,0.1789407048,1.315515672,Small,High,,
2017-10-03 00:00:00,SBI Life Insurance Company Ltd,8386.4,40,12.56,0.7,0.85,3.58,700,733.3,4.76,1843.2,1840.8,163.31,2017,10,4,9.034485859,4.703333333,3.508379888,0.1955307263,0.2374301676,0.05573248408,Large,High,,
2017-09-27 00:00:00,ICICI Lombard General Insurance Company Ltd,5700.94,-11,8.17,0.83,1.23,2.98,661,650,-1.66,1897.55,1897,187.07,2017,9,3,8.648561747,3.41,2.741610738,0.2785234899,0.4127516779,0.1015911873,Large,High,,
2017-09-25 00:00:00,Capacit'e Infraprojects Ltd,400,150,131.32,638.05,17.57,183.03,250,399,59.6,291,291.5,16.4,2017,9,3,5.993961427,262.3133333,0.7174780091,3.48604054,0.09599519205,4.858742004,Small,Medium,,
2017-09-21 00:00:00,Matrimony.com Ltd,496.88,75,1.88,0.41,18.16,4.44,985,985,0,510.6,511.4,-48.16,2017,9,3,6.210359084,6.816666667,0.4234234234,0.09234234234,4.09009009,0.2180851064,Small,High,,
2017-09-18 00:00:00,Bharat Road Network Ltd,600.65,10,1.33,1.63,5.69,1.81,205,204.9,-0.05,18.41,18.42,-91.02,2017,9,3,6.399675881,2.883333333,0.7348066298,0.9005524862,3.143646409,1.22556391,Medium,Medium,,
2017-09-15 00:00:00,Dixon Technologies (India) Ltd,599.28,715,134.66,345.61,10.6,117.83,1766,2725,54.3,15924.1,15892,801.7,2017,9,3,6.397396213,163.6233333,1.142832895,2.933123992,0.08996011203,2.566537947,Medium,High,,
2017-09-12 00:00:00,Apex Frozen Foods Ltd,152.25,30,1.91,7.82,8.53,6.14,175,199.9,14.23,233.45,236.67,33.4,2017,9,3,5.032070575,6.086666667,0.3110749186,1.273615635,1.389250814,4.094240838,Small,Low,,
2017-09-09 00:00:00,Cochin Shipyard Ltd,1442.01,165,63.52,288.87,8.51,76.19,432,435,0.69,1654.95,1652.1,283.09,2017,8,3,7.274486489,120.3,0.8337052107,3.791442447,0.1116944481,4.547701511,Medium,Medium,,
2017-09-06 00:00:00,SIS Ltd,779.58,85,5.64,1.66,19.51,7.07,815,875,7.36,368,368.1,-54.85,2017,8,3,6.660037233,8.936666667,0.7977369165,0.2347949081,2.759547383,0.2943262411,Medium,High,,
2017-09-03 00:00:00,Salasar Techno Engineering Ltd,35.87,105,0,2.59,19.42,11.01,108,259.15,139.95,7.05,7.06,-93.47,2017,7,3,3.607398212,7.336666667,0,0.2352406903,1.763851045,,Small,Low,,
2017-08-31 00:00:00,AU Small Finance Bank Ltd,1912.51,95,78.77,143.51,3.52,53.6,358,525,46.65,733.4,731.35,104.86,2017,7,3,7.556694531,75.26666667,1.469589552,2.677425373,0.06567164179,1.821886505,Medium,Medium,76 (26.67%),1
2017-08-28 00:00:00,GTPL Hathway Ltd,484.8,5,1.48,2.85,0.99,1.53,170,170,0,117.9,118.44,-30.65,2017,7,3,6.185797017,1.773333333,0.9673202614,1.862745098,0.6470588235,1.925675676,Small,Low,,
2017-08-25 00:00:00,Central Depository Services Ltd,523.99,100,148.71,563.03,23.83,170.16,149,250,67.79,,1556,,2017,6,2,6.263379215,245.19,0.8739421721,3.308826986,0.1400446638,3.786093739,Medium,Low,,
2017-06-29 00:00:00,ERIS Lifesciences Ltd,1741.16,20,4.68,0.45,3.51,3.29,603,612,1.49,1682.4,1680.4,179,2017,6,2,7.462881002,2.88,1.422492401,0.1367781155,1.066869301,0.09615384615,Medium,High,,
2017-06-27 00:00:00,Tejas Networks Ltd,776.69,5,2.16,0.48,3.1,1.88,257,257,0,559.15,558.6,117.57,2017,6,2,6.656327987,1.913333333,1.14893617,0.2553191489,1.64893617,0.2222222222,Medium,Medium,,
2017-05-29 00:00:00,PSP Projects Ltd,211.68,10,8.38,10.39,6.47,8.58,210,199,-5.24,666,666,217.14,2017,5,2,5.359788689,8.413333333,0.9766899767,1.210955711,0.7540792541,1.239856802,Small,Medium,,
2017-06-06 00:00:00,IndiGrid Infrastructure Fund,2249.96,0,1.14,1.6,0,1.35,100,100,0,157.89,158,57.89,2017,6,2,7.719112071,0.9133333333,0.8444444444,1.185185185,0,1.403508772,Large,Low,,
2017-05-19 00:00:00,Housing & Urban Development Corporation Ltd,1209.78,30,55.45,330.36,10.79,79.53,60,73.45,22.42,211.45,210.25,252.42,2017,5,2,7.099020059,132.2,0.6972211744,4.153904187,0.1356720734,5.95779982,Medium,Low,,
2017-05-18 00:00:00,IRB InvIT Fund,5032.88,0,10.81,5.89,0,8.57,102,103.25,1.23,63.2,63.2,-38.04,2017,5,2,8.523946338,5.566666667,1.261376896,0.6872812135,0,0.5448658649,Large,Low,,
2017-05-09 00:00:00,S Chand & Company Ltd,728.6,40,44.27,204.65,6.07,59.49,670,707,5.52,186.1,187.52,-72.22,2017,5,2,6.592496439,84.99666667,0.7441586821,3.440073962,0.1020339553,4.62276937,Medium,High,,
2017-04-05 00:00:00,Shankara Building Products Ltd,345,155,51.62,90.68,15.35,41.88,460,545,18.48,1100.5,1099.3,139.24,2017,4,2,5.846438775,52.55,1.232569245,2.165234002,0.3665234002,1.756683456,Small,Medium,,
2017-03-31 00:00:00,CL Educate Ltd,238.95,-15,3.65,0.21,1.63,1.9,502,398,-20.72,106.5,106.04,-78.78,2017,3,1,5.480430568,1.83,1.921052632,0.1105263158,0.8578947368,0.05753424658,Small,High,,
2017-03-21 00:00:00,Avenue Supermarts Ltd (DMart),1870,210,144.62,277.74,7.51,104.59,299,604.4,102.14,4239.85,4233,1318.01,2017,3,1,7.534228326,143.29,1.382732575,2.655511999,0.07180418778,1.920481261,Medium,Medium,,
2017-03-17 00:00:00,Music Broadcast Ltd,488.53,85,39.78,109.13,9.85,39.67,333,420,26.13,8.31,8.35,-97.5,2017,3,1,6.193445747,52.92,1.002772876,2.750945299,0.2482984623,2.743338361,Small,Medium,,
2017-02-03 00:00:00,BSE Ltd (Bombay Stock Exchange),1243.43,130,48.64,159.03,6.48,51.22,806,1085,34.62,,2363.6,,2017,2,1,7.126432873,71.38333333,0.9496290512,3.104841859,0.1265130808,3.26953125,Medium,High,,
2016-12-19 00:00:00,Laurus Labs Ltd,1330.51,30,10.54,3.58,1.67,4.57,428,490,14.49,821.9,815.25,92.03,2016,12,4,7.194068916,5.263333333,2.306345733,0.7833698031,0.3654266958,0.339658444,Medium,Medium,,
2016-12-09 00:00:00,Sheela Foam Ltd,510,75,14.51,3.35,0.44,5.09,730,860,17.81,664.55,664.5,-8.97,2016,12,4,6.23636959,6.1,2.850687623,0.6581532417,0.08644400786,0.2308752584,Medium,High,,
2016-11-08 00:00:00,Varun Beverages Ltd,1112.5,5,4.94,0.42,0.82,1.86,445,430,-3.37,513.1,512.4,15.3,2016,11,4,7.015263487,2.06,2.655913978,0.2258064516,0.4408602151,0.08502024291,Medium,Medium,,
2016-11-07 00:00:00,PNB Housing Finance Ltd,3000,65,37.33,86.17,1.35,29.55,775,863,11.35,769.05,768.2,-0.77,2016,11,4,8.006700845,41.61666667,1.263282572,2.91607445,0.04568527919,2.308331101,Large,High,,
2016-10-19 00:00:00,Endurance Technologies Ltd,1161.73,60,53.43,127.07,2.69,43.84,472,570,20.76,2533,2536.9,436.65,2016,10,4,7.058525967,61.06333333,1.21875,2.898494526,0.06135948905,2.378251918,Medium,Medium,,
2016-10-04 00:00:00,HPL Electric & Power Ltd,361,-10,5.77,22.2,3.31,8.06,202,190.05,-5.92,585.5,585.5,189.85,2016,10,4,5.891644212,10.42666667,0.7158808933,2.754342432,0.4106699752,3.847487002,Small,Medium,,
2016-09-29 00:00:00,ICICI Prudential Life Insurance Company Ltd,6056.79,15,11.83,28.55,1.42,10.48,334,329,-1.5,614.25,612.95,83.91,2016,9,3,8.709100326,13.93333333,1.128816794,2.724236641,0.1354961832,2.413355875,Large,Medium,,
2016-09-26 00:00:00,GNA Axles Ltd,130.41,40,17.18,217.47,11.84,54.88,207,248.5,20.05,303.5,302.65,46.62,2016,9,3,4.878322207,82.16333333,0.3130466472,3.962645773,0.2157434402,12.65832363,Small,Medium,,
2016-09-23 00:00:00,L&T Technology Services Ltd,894.4,25,5.01,1.03,1.75,2.53,860,900,4.65,4183.1,4177.7,386.41,2016,9,3,6.797270546,2.596666667,1.980237154,0.4071146245,0.6916996047,0.2055888224,Medium,High,,
2016-08-31 00:00:00,RBL Bank Ltd,1212.97,70,85.08,198.06,5.7,69.62,225,273.7,21.64,258.3,257.4,14.8,2016,8,3,7.10165126,96.28,1.222062626,2.844872163,0.08187302499,2.327926657,Medium,Medium,,
2016-08-12 00:00:00,S P Apparels Ltd,239.12,15,1,0.45,0.54,0.66,268,305,13.81,814.4,814.9,203.88,2016,8,3,5.481138798,0.6633333333,1.515151515,0.6818181818,0.8181818182,0.45,Small,Medium,,
2016-08-11 00:00:00,Dilip Buildcon Ltd,653.98,15,9.76,79.64,2.35,20.95,219,240,9.59,474.7,476.25,116.76,2016,8,3,6.484604701,30.58333333,0.4658711217,3.801431981,0.1121718377,8.159836066,Medium,Medium,,
2016-08-01 00:00:00,Advanced Enzyme Technologies Ltd,411.49,240,94.03,393.1,11.67,116.02,896,1210,35.04,302,303.2,-66.29,2016,8,3,6.022211963,166.2666667,0.8104637132,3.388208929,0.1005861058,4.180580666,Small,High,,
2016-07-21 00:00:00,LTIMindtree Ltd,1236.38,20,19.91,10.76,7.39,11.69,710,666.6,-6.11,5098.35,5078.5,618.08,2016,7,3,7.12075152,12.68666667,1.703165098,0.9204448246,0.6321642429,0.5404319437,Medium,High,,
2016-07-12 00:00:00,Quess Corp Ltd,400,120,59.03,392.21,34.08,144.5,317,499,57.41,276.5,276.35,-12.78,2016,7,3,5.993961427,161.7733333,0.4085121107,2.714256055,0.2358477509,6.644248687,Small,Medium,,
2016-07-01 00:00:00,Mahanagar Gas Ltd,1038.88,90,72.84,191.61,6.82,64.54,421,540,28.27,1356,1352.4,222.09,2016,7,3,6.946860601,90.42333333,1.128602417,2.968856523,0.1056709018,2.630560132,Medium,Medium,,
2016-05-19 00:00:00,Parag Milk Foods Ltd,750.54,-10,1.15,3.08,2.12,1.83,215,215.7,0.33,221.1,221.62,2.84,2016,5,2,6.622124435,2.116666667,0.6284153005,1.683060109,1.158469945,2.67826087,Medium,Medium,,
2016-05-10 00:00:00,Ujjivan Financial Services Ltd,882.5,50,33.84,135.45,4.02,40.68,210,227,8.1,590.35,589.5,181.12,2016,5,2,6.783891292,57.77,0.8318584071,3.329646018,0.098820059,4.002659574,Medium,Medium,,
2016-05-09 00:00:00,Thyrocare Technologies Ltd,479.21,190,73.18,225.3,8.73,73.55,446,662,48.43,1347,1351.3,202.02,2016,5,2,6.174223508,102.4033333,0.9949694086,3.063222298,0.1186947655,3.07871003,Small,Medium,,
2016-04-21 00:00:00,Equitas Holdings Ltd,2176.69,25,14.93,57.29,1.4,17.21,110,144,30.91,119.9,120.3,9,2016,4,2,7.686019961,24.54,0.8675188844,3.328878559,0.08134805346,3.837240455,Large,Low,,
2016-04-04 00:00:00,Infibeam Avenues Ltd,450,-20,0.86,2.23,1.31,1.11,432,458,6.02,15.09,15.08,-96.51,2016,4,2,6.11146734,1.466666667,0.7747747748,2.009009009,1.18018018,2.593023256,Small,Medium,,
2016-04-01 00:00:00,Bharat Wire Ropes Ltd,70,2,1.01,2.02,2.08,1.21,45,47.35,5.22,173.3,174.77,285.11,2016,4,2,4.262679877,1.703333333,0.8347107438,1.669421488,1.719008264,2,Small,Low,,
2016-03-30 00:00:00,Healthcare Global Enterprises Ltd,649.64,-10,2.36,0.43,0.83,1.56,218,209.8,-3.76,659,656.5,202.29,2016,3,1,6.477956494,1.206666667,1.512820513,0.2756410256,0.5320512821,0.1822033898,Medium,Medium,,
2016-02-18 00:00:00,Quick Heal Technologies Ltd,451.25,30,4.34,36.69,3.82,10.8,321,304.95,-5,287.45,287.5,-10.45,2016,2,1,6.114235124,14.95,0.4018518519,3.397222222,0.3537037037,8.453917051,Small,Medium,,
2016-02-12 00:00:00,Team Lease Services Ltd,423.68,110,26.97,185.24,10.62,66.02,850,860,1.18,1730,1738.9,103.53,2016,2,1,6.051335944,74.27666667,0.4085125719,2.805816419,0.1608603453,6.868372265,Small,High,,
2016-02-08 00:00:00,Precision Camshafts Ltd,410.19,10,2.62,0.73,2.01,1.91,186,163.1,-12.31,174.1,174.19,-6.4,2016,2,1,6.019055395,1.786666667,1.371727749,0.3821989529,1.052356021,0.2786259542,Small,Low,,
2016-01-06 00:00:00,Narayana Hrudayalaya Ltd,613.08,35,24.43,3.62,1.89,8.7,250,291,16.4,1796.95,1797.8,618.78,2016,1,1,6.420125213,9.98,2.808045977,0.416091954,0.2172413793,0.1481784691,Medium,Medium,,
2015-12-23 00:00:00,Dr Lal Pathlabs Ltd,631.91,110,63.56,61.28,4.24,33.41,550,717,30.36,3244.9,3243.5,489.98,2015,12,4,6.450328232,43.02666667,1.902424424,1.834181383,0.1269081113,0.9641283826,Medium,High,,
2015-12-23 00:00:00,Alkem Laboratories Ltd,1347.76,300,57.19,129.96,3.17,44.29,1050,1380,31.43,4947.4,4959.5,371.18,2015,12,4,7.206940931,63.44,1.291262136,2.934296681,0.07157371867,2.272425249,Medium,High,,
2015-11-16 00:00:00,S H Kelkar & Company Ltd,508.17,25,4.68,1.14,0.47,1.84,180,222,23.33,234.05,229.9,30.03,2015,11,4,6.232781949,2.096666667,2.543478261,0.6195652174,0.2554347826,0.2435897436,Medium,Low,,
2015-11-10 00:00:00,Interglobe Aviation Ltd,3008.5,30,17.8,3.57,0.92,6.15,765,856,11.9,5910,5919.5,672.55,2015,11,4,8.009529231,7.43,2.894308943,0.5804878049,0.1495934959,0.2005617978,Large,High,,
2015-11-02 00:00:00,Coffee Day Enterprises Ltd,1150,-10,,,,,328,313,-4.57,35.83,35.8,-89.08,2015,11,4,7.048386409,,,,,,Medium,Medium,,
2015-09-16 00:00:00,Sadbhav Infrastructure Project Ltd,491.66,7,3.04,1.66,1.68,2.24,103,110.75,7.52,3.61,3.63,-96.5,2015,9,3,6.199819281,2.126666667,1.357142857,0.7410714286,0.75,0.5460526316,Small,Low,,
2015-09-21 00:00:00,Madhyam Agrivet Industries Ltd,362.57,0,0.88,1.42,0.34,0.77,115,115,0,99.75,99.6,-13.26,2015,9,3,5.895971851,0.88,1.142857143,1.844155844,0.4415584416,1.613636364,Small,Low,,
2015-09-10 00:00:00,Shree Pushkar Chemicals Ltd,70,3,0.97,2.09,1.54,1.34,65,60,-7.69,399.25,397.75,514.23,2015,9,3,4.262679877,1.533333333,0.723880597,1.559701493,1.149253731,2.154639175,Small,Low,,
2015-09-10 00:00:00,Pennar Engineered Building Systems Ltd,156.19,10,2.2,1.44,0.41,1.15,178,150,-15.73,63.85,62.85,-64.13,2015,9,3,5.057455265,1.35,1.913043478,1.252173913,0.3565217391,0.6545454545,Small,Low,,
2015-09-09 00:00:00,Navkar Corporation Ltd,600,-5,6.47,0.9,1.62,2.85,155,152,-1.94,119.5,119.47,-22.9,2015,9,3,6.398594935,2.996666667,2.270175439,0.3157894737,0.5684210526,0.1391035549,Medium,Low,,
2015-08-26 00:00:00,Power Mech Projects Ltd,273.22,20,27.53,133.22,3.42,38.12,640,600,-6.25,3113,3119.5,386.41,2015,8,3,5.613930704,54.72333333,0.7221930745,3.49475341,0.08971668416,4.839084635,Small,High,,
2015-08-11 00:00:00,Syngene International Ltd,550,30,51.47,90.24,4.78,32.05,250,295,18,644.95,645.4,157.98,2015,8,3,6.311734809,48.83,1.605928237,2.815600624,0.1491419657,1.753254323,Medium,Medium,,
2015-07-09 00:00:00,Manpasand Beverages Ltd,400,15,1.98,0.38,1.16,1.4,320,291,-9.06,6.14,5.85,-98.08,2015,7,3,5.993961427,1.173333333,1.414285714,0.2714285714,0.8285714286,0.1919191919,Small,Medium,,
2015-05-26 00:00:00,PNC Infratech Ltd,488.44,15,4.51,0.65,0.28,1.56,378,381,0.79,303.35,303.6,-19.75,2015,5,2,6.19326188,1.813333333,2.891025641,0.4166666667,0.1794871795,0.1441241685,Small,Medium,,
2015-05-14 00:00:00,UFO Moviez India Ltd,600,-15,4.49,1.17,1.02,2.04,625,600,-4,77.46,77.65,-87.61,2015,5,2,6.398594935,2.226666667,2.200980392,0.5735294118,0.5,0.2605790646,Medium,High,,
2015-05-06 00:00:00,MEP Infrastructure Developers Ltd,324,2,1.02,1.51,0.97,1.11,63,63,0,1.65,1.61,-97.38,2015,5,2,5.783825182,1.166666667,0.9189189189,1.36036036,0.8738738739,1.480392157,Small,Low,,
2015-04-30 00:00:00,VRL Logistics Ltd,467.88,65,58.22,250.86,7.92,74.26,205,288,40.49,575,574.1,180.49,2015,4,2,6.150346872,105.6666667,0.7840021546,3.378130891,0.1066523027,4.308828581,Small,Medium,,
2015-04-09 00:00:00,Inox Wind Ltd,1020.53,40,35.68,35.38,2.15,18.6,325,400,23.08,140.05,140.35,-56.91,2015,4,2,6.929056782,24.40333333,1.91827957,1.902150538,0.1155913978,0.9915919283,Medium,Medium,,
2015-04-06 00:00:00,Imagicaaworld Entertainment Ltd,374.59,-10,1.17,0.7,1.37,1.11,180,167.95,-6.69,60.63,60.57,-66.32,2015,4,2,5.928498123,1.08,1.054054054,0.6306306306,1.234234234,0.5982905983,Small,Low,,
2015-03-19 00:00:00,Ortel Communications Ltd,174.71,-15,1.01,0.09,0.39,0.75,181,181,0,1.41,1.65,-99.22,2015,3,1,5.168834909,0.4966666667,1.346666667,0.12,0.52,0.08910891089,Small,Low,,
2014-12-19 00:00:00,Monte Carlo Fashions Ltd,350.43,25,13.96,1.71,6.96,7.83,645,585,-9.3,549.6,545.9,-14.79,2014,12,4,5.862010545,7.543333333,1.782886335,0.2183908046,0.8888888889,0.1224928367,Small,High,,
2014-10-01 00:00:00,Shemaroo Entertainment Ltd,120,15,5.69,8.64,7.79,7.39,170,180,5.88,116,117.2,-31.76,2014,10,4,4.795790546,7.373333333,0.7699594046,1.169147497,1.054127199,1.518453427,Small,Low,,
2014-09-23 00:00:00,Sharda Cropchem Ltd,351.86,55,32.06,251.35,5.85,59.97,156,254.1,62.88,973.65,974.2,524.13,2014,9,3,5.866071378,96.42,0.5346006337,4.191262298,0.09754877439,7.839987523,Small,Low,,
2014-09-12 00:00:00,Snowman Logistics Ltd,197.4,35,16.98,221.79,41.26,59.75,47,75,59.57,53.63,53.62,14.11,2014,9,3,5.290285195,93.34333333,0.2841841004,3.711966527,0.6905439331,13.06183746,Small,Low,,
2014-05-09 00:00:00,Wonderla Holidays Ltd,181.25,60,16.71,159.04,7.55,38.06,125,164.75,31.8,589.85,589.6,371.88,2014,5,2,5.205379371,61.1,0.4390436153,4.178665265,0.1983709932,9.517654099,Small,Low,,
2014-02-28 00:00:00,Engineers India Ltd,498.13,-5,23.43,5.85,2.99,13.36,150,149.9,-0.07,201,201.05,34,2014,2,1,6.212866583,10.75666667,1.753742515,0.4378742515,0.2238023952,0.2496798976,Small,Low,,
2013-12-19 00:00:00,Power Grid Corporation of India Ltd,6958.64,4,115.9,40.34,6.77,64.82,90,97.1,7.89,285.75,286.2,217.5,2013,12,4,8.847883028,54.33666667,1.788028386,0.6223387843,0.1044430731,0.3480586713,Large,Low,,
2013-06-05 00:00:00,Just Dial Ltd,919.14,75,10.12,22.34,3.53,11.63,530,590,11.32,827.05,827.45,56.05,2013,6,2,6.824525832,11.99666667,0.8701633706,1.920894239,0.3035253654,2.207509881,Medium,High,,
2013-04-01 00:00:00,Repco Home Finance Ltd,270.23,-10,3.39,0.35,0.51,1.65,172,165,-4.07,388.55,388.9,125.9,2013,4,2,5.602967169,1.416666667,2.054545455,0.2121212121,0.3090909091,0.1032448378,Small,Low,,
2013-02-20 00:00:00,V-Mart Retail Ltd,94.42,15,1.52,1.39,0.79,1.2,210,216,2.86,753.65,753.35,258.88,2013,2,1,4.5582882,1.233333333,1.266666667,1.158333333,0.6583333333,0.9144736842,Small,Medium,,
2012-12-28 00:00:00,Indus Towers Ltd,4172.76,-10,2.84,0.29,0.19,1.3,220,200,-9.09,338.1,338.7,53.68,2012,12,4,8.336572587,1.106666667,2.184615385,0.2230769231,0.1461538462,0.1021126761,Large,Medium,,
2012-12-27 00:00:00,PC Jeweller Ltd,601.31,10,7.33,18.12,1.68,6.85,135,135.5,0.37,13.48,13.48,-90.01,2012,12,4,6.400772263,9.043333333,1.070072993,2.645255474,0.2452554745,2.472032742,Medium,Low,,
2012-12-26 00:00:00,CARE Ratings Ltd,539.98,190,45.8,110.96,6.18,40.98,750,949,26.53,1638.6,1643.9,118.48,2012,12,4,6.29338231,54.31333333,1.11761835,2.707662274,0.1508052709,2.422707424,Medium,High,,
2012-12-06 00:00:00,Tara Jewels Ltd,179.5,-15,1.49,3.1,2.05,1.98,230,242,5.22,0.75,0.5,-99.67,2012,12,4,5.195730778,2.213333333,0.7525252525,1.565656566,1.035353535,2.080536913,Small,Medium,,
2012-07-18 00:00:00,VKS Projects Ltd,55,-5,1.15,0.38,1.13,1.03,55,55.8,1.45,0.04,0.05,-99.93,2012,7,3,4.025351691,0.8866666667,1.116504854,0.3689320388,1.097087379,0.3304347826,Small,Low,,
2012-05-30 00:00:00,Speciality Restaurants Ltd,176.09,8,4.68,2.19,0.55,2.54,150,153,2,124.1,123.9,-17.27,2012,5,2,5.176658078,2.473333333,1.842519685,0.8622047244,0.2165354331,0.4679487179,Small,Low,,
2012-05-09 00:00:00,Tribhovandas Bhimji Zaveri Ltd,200,-8,1.29,1.91,0.68,1.15,120,115,-4.17,192.45,192.8,60.38,2012,5,2,5.303304908,1.293333333,1.12173913,1.660869565,0.5913043478,1.480620155,Small,Low,,
2012-04-12 00:00:00,MT Educare Ltd,99,10,6.01,8,2.17,4.8,80,86.05,7.56,2.24,2.29,-97.2,2012,4,2,4.605170186,5.393333333,1.252083333,1.666666667,0.4520833333,1.331114809,Small,Low,,
2012-04-12 00:00:00,NBCC (India) Ltd,124.97,-5,7.07,1.7,3.4,4.93,106,100,-5.66,108,108,1.89,2012,4,2,4.836043783,4.056666667,1.434077079,0.3448275862,0.6896551724,0.2404526167,Small,Low,,
2012-03-28 00:00:00,Olympic Cards Ltd,24.75,1,0,3.44,1.36,0.99,30,29.95,-0.17,3,,-90,2012,3,1,3.248434627,1.6,0,3.474747475,1.373737374,,Small,Low,,
2012-03-09 00:00:00,Multi Commodity Exchange of India Ltd,663.31,300,49.12,150.35,24.14,54.13,1032,1387,34.4,8100.3,8092,684.91,2012,3,1,6.498748908,74.53666667,0.9074450397,2.777572511,0.4459634214,3.060871336,Medium,High,,
2011-11-02 00:00:00,Indo Thai Securities Ltd,29.6,-10,0,0.02,3.35,1.18,74,75,1.35,170.1,169.75,129.86,2011,11,4,3.421000009,1.123333333,0,0.01694915254,2.838983051,,Small,Low,,
2011-10-19 00:00:00,Flexituff Ventures International Ltd,104.63,10,0.51,2.35,1.6,1.17,155,155,0,22.8,23,-85.29,2011,10,4,4.659942422,1.486666667,0.4358974359,2.008547009,1.367521368,4.607843137,Small,Low,,
2011-10-19 00:00:00,Taksheel Solutions Ltd,82.5,-20,0.24,4.7,6.18,2.99,150,157.4,4.93,3.25,3.85,-97.83,2011,10,4,4.424846632,3.706666667,0.08026755853,1.571906355,2.066889632,19.58333333,Small,Low,,
2011-10-17 00:00:00,Onelife Capital Advisors Ltd,36.85,-10,1.02,0.93,2.5,1.53,110,115,4.55,13.69,11.63,-87.55,2011,10,4,3.63363098,1.483333333,0.6666666667,0.6078431373,1.633986928,0.9117647059,Small,Low,,
2011-10-20 00:00:00,Ujaas Energy Ltd,93,-2,1.03,1.56,2.35,1.57,186,180,-3.23,352.7,366.65,89.62,2011,10,4,4.543294782,1.646666667,0.6560509554,0.9936305732,1.496815287,1.514563107,Small,Low,,
2011-10-07 00:00:00,RDB Rasayans Ltd,35.55,-7,0,0.75,3.96,1.5,79,85,7.59,169,,113.92,2011,10,4,3.598681186,1.57,0,0.5,2.64,,Small,Low,,
2011-10-04 00:00:00,Setubandhan Infrastructure Ltd,60,0,0.31,2.76,4.68,2.21,138,145,5.07,0.7,0.52,-99.49,2011,10,4,4.110873864,2.583333333,0.1402714932,1.248868778,2.117647059,8.903225806,Small,Low,,
2011-09-26 00:00:00,PG Electroplast Ltd,120.65,-15,0.98,1.84,1.64,1.34,210,200,-4.76,518.8,518.1,147.05,2011,9,3,4.801148069,1.486666667,0.7313432836,1.373134328,1.223880597,1.87755102,Small,Medium,,
2011-09-08 00:00:00,TD Power Systems Ltd,227,-15,6.52,0.38,0.38,2.92,256,251.6,-1.72,495.35,495.05,93.5,2011,9,3,5.429345629,2.426666667,2.232876712,0.1301369863,0.1301369863,0.05828220859,Small,Medium,,
2011-09-16 00:00:00,SRS Ltd,203,-4,0.75,5.11,0.32,1.25,58,55,-5.17,0.19,0.15,-99.67,2011,9,3,5.318119994,2.06,0.6,4.088,0.256,6.813333333,Small,Low,,
2011-09-05 00:00:00,Brooks Laboratories Ltd,63,20,0,2.82,3.36,1.6,100,110,10,153.35,150.99,53.35,2011,9,3,4.158883083,2.06,0,1.7625,2.1,,Small,Low,,
2011-08-26 00:00:00,Tree House Education & Accessories Ltd,112.06,10,1.02,1.68,2.76,1.85,135,132.8,-1.63,6.69,6.71,-95.04,2011,8,3,4.727918651,1.82,0.5513513514,0.9081081081,1.491891892,1.647058824,Small,Low,,
2011-08-12 00:00:00,L&T Finance Holdings Ltd,1245,4,1.93,6.18,9.61,5.34,52,51,-1.92,197.6,197.7,280,2011,8,3,7.127693699,5.906666667,0.361423221,1.157303371,1.799625468,3.202072539,Medium,Low,,
2011-08-04 00:00:00,Inventure Growth & Securities Ltd,81.9,12,0.25,9.49,8.66,4.58,117,119,1.71,1.52,1.52,-98.7,2011,8,3,4.417635062,6.133333333,0.05458515284,2.072052402,1.890829694,37.96,Small,Low,,
2011-07-28 00:00:00,Bharatiya Global Infomedia Ltd,55.1,-10,0,1.94,5.06,2.06,82,84,2.44,3.14,3.14,-96.17,2011,7,3,4.027135813,2.333333333,0,0.9417475728,2.45631068,,Small,Low,,
2011-07-13 00:00:00,Kridhan Infra Ltd,34.75,5,0.03,1.37,4.18,1.68,108,115,6.48,4,4.07,-96.3,2011,7,3,3.576550269,1.86,0.01785714286,0.8154761905,2.488095238,45.66666667,Small,Low,,
2011-07-07 00:00:00,Rushil Decor Ltd,40.64,8,0.23,1.35,6.57,2.62,72,81.25,12.85,22.85,22.8,-68.26,2011,7,3,3.729061244,2.716666667,0.08778625954,0.5152671756,2.507633588,5.869565217,Small,Low,,
2011-07-07 00:00:00,Birla Pacific Medspa Ltd,65.18,2,1.04,0.17,1.82,1.18,10,10.1,1,0.28,,-97.2,2011,7,3,4.192378302,1.01,0.8813559322,0.1440677966,1.542372881,0.1634615385,Small,Low,,
2011-06-22 00:00:00,Timbor Home Ltd,23.25,-5,0.65,3.22,14.22,5.78,63,72,14.29,2.21,2.75,-96.49,2011,6,2,3.188416617,6.03,0.1124567474,0.5570934256,2.460207612,4.953846154,Small,Low,,
2011-06-14 00:00:00,VMS Industries Ltd,25.75,0,0,1.11,3.41,1.36,40,43.95,9.88,35,,-12.5,2011,6,2,3.286534473,1.506666667,0,0.8161764706,2.507352941,,Small,Low,,
2011-05-27 00:00:00,Power Finance Corporation Ltd,4578.2,-5,6.92,1.2,2,4.34,203,197.6,-2.66,419.25,420.2,106.53,2011,5,2,8.429279589,3.373333333,1.594470046,0.2764976959,0.4608294931,0.1734104046,Large,Medium,,
2011-05-27 00:00:00,Dr. Datsons Labs Ltd,117,1,0.14,2.65,1.84,1.11,234,229.45,-1.94,6.29,6.4,-97.31,2011,5,2,4.770684624,1.543333333,0.1261261261,2.387387387,1.657657658,18.92857143,Small,Medium,,
2011-05-23 00:00:00,BF Industrial & Technologies Ltd,36.9,0,0,1.82,2.93,1.3,85,85,0,16.5,16.4,-80.59,2011,5,2,3.634951112,1.583333333,0,1.4,2.253846154,,Small,Low,,
2011-10-24 00:00:00,Vaswani Industries Ltd,49,-3,0.16,11.29,6.83,4.16,49,33.45,-31.73,52.85,52.1,7.86,2011,10,4,3.912023005,6.093333333,0.03846153846,2.713942308,1.641826923,70.5625,Small,Low,,
2011-05-12 00:00:00,Servalakshmi Paper Ltd,60,-2,0.34,4.21,1.9,1.47,29,30,3.45,1.33,0.7,-95.41,2011,5,2,4.110873864,2.15,0.231292517,2.863945578,1.292517007,12.38235294,Small,Low,,
2011-05-13 00:00:00,Innoventive Industries Ltd,217.41,10,0.85,1.94,1.48,1.24,117,110,-5.98,4.2,5.6,-96.41,2011,5,2,5.38637403,1.423333333,0.685483871,1.564516129,1.193548387,2.282352941,Small,Low,,
2011-05-10 00:00:00,Future Consumer Ltd,750,0.5,0.26,7.81,0.61,1.52,10,9.5,-5,0.45,0.44,-95.5,2011,5,2,6.621405652,2.893333333,0.1710526316,5.138157895,0.4013157895,30.03846154,Medium,Low,,
2011-05-09 00:00:00,Paramount Printpac Ltd,45.83,0,0.33,3.28,9.31,3.92,35,35,0,0.82,0.85,-97.66,2011,5,2,3.846524023,4.306666667,0.08418367347,0.8367346939,2.375,9.939393939,Small,Low,,
2011-05-06 00:00:00,Muthoot Finance Ltd,901.25,35,25.01,60.94,8.5,24.55,175,180,2.86,2548.5,2548.3,1356.29,2011,5,2,6.804891644,31.48333333,1.018737271,2.482281059,0.3462321792,2.43662535,Medium,Low,,
2011-04-08 00:00:00,Shilpi Cable Technologies Ltd,55.88,2,1.04,6.39,5.74,3.48,69,78.35,13.55,1.1,1.15,-98.41,2011,4,2,4.040943785,4.39,0.2988505747,1.836206897,1.649425287,6.144230769,Small,Low,,
2011-03-30 00:00:00,PTC India Financial Services Ltd,433.28,-1,2.85,0.22,1.18,1.7,28,28,0,38.95,38.92,39.11,2011,3,1,6.073689487,1.416666667,1.676470588,0.1294117647,0.6941176471,0.07719298246,Small,Low,,
2011-03-24 00:00:00,Lovable Lingerie Ltd,93.28,65,21.87,99.87,20.84,35.21,205,261.5,27.56,91.91,91.46,-55.17,2011,3,1,4.546269078,47.52666667,0.6211303607,2.836410111,0.5918773076,4.566529492,Small,Medium,,
2011-03-11 00:00:00,Fineotex Chemical Ltd,29.48,15,0,0.22,4.38,1.57,70,80,14.29,232.5,232.55,232.14,2011,3,1,3.417070731,1.533333333,0,0.1401273885,2.789808917,,Small,Low,,
2011-03-10 00:00:00,AcroPetal Technologies Ltd,170,8,1.12,2,1.21,1.28,90,130,44.44,1.67,1.7,-98.14,2011,3,1,5.141663557,1.443333333,0.875,1.5625,0.9453125,1.785714286,Small,Low,,
2011-03-11 00:00:00,Sudar Industries Ltd,69.98,-5,0.17,4.47,2.28,1.55,77,74,-3.9,1.02,0.95,-98.68,2011,3,1,4.262398147,2.306666667,0.1096774194,2.883870968,1.470967742,26.29411765,Small,Low,,
2011-02-10 00:00:00,Omkar Speciality Chemicals Ltd,79.38,15,0.82,5.27,9.9,4.67,98,95,-3.06,7.73,7.53,-92.11,2011,2,1,4.386765389,5.33,0.1755888651,1.128479657,2.119914347,6.426829268,Small,Low,,
2011-02-02 00:00:00,Tata Steel Ltd,3477,-10,10.41,7.21,1.6,6.03,610,630.15,3.3,160.55,160.74,-73.68,2011,2,1,8.154212695,6.406666667,1.726368159,1.195688226,0.2653399668,0.6926032661,Large,High,,
2011-01-27 00:00:00,Midvalley Entertainment & Hospitality Ltd,60,-10,0.35,4.68,9.01,4.03,70,73,4.29,0.35,,-99.5,2011,1,1,4.110873864,4.68,0.08684863524,1.161290323,2.23573201,13.37142857,Small,Low,,
2011-01-20 00:00:00,C Mahendra Exports Ltd,165,9,1.02,3.92,4.82,2.78,110,111,0.91,1.79,1.65,-98.37,2011,1,1,5.111987788,3.253333333,0.3669064748,1.410071942,1.73381295,3.843137255,Small,Low,,
2010-12-30 00:00:00,Punjab & Sind Bank,480,35,49.8,85.84,44.45,50.75,120,146.1,21.75,28.16,28.15,-76.53,2010,12,4,6.17586727,60.03,0.9812807882,1.691428571,0.875862069,1.723694779,Small,Low,,
2010-12-23 00:00:00,A2Z Infra Engineering Ltd,776.25,-15,0.68,3.12,0.33,0.96,400,390,-2.5,19.94,19.63,-95.02,2010,12,4,6.655762049,1.376666667,0.7083333333,3.25,0.34375,4.588235294,Medium,Medium,,
2010-12-27 00:00:00,Ravikumar Distilleries Ltd,73.6,-5,0.15,7.31,3.01,2.22,64,64,0,28.57,28.68,-55.36,2010,12,4,4.312140507,3.49,0.06756756757,3.292792793,1.355855856,48.73333333,Small,Low,,
2010-12-15 00:00:00,Shipping Corporation of India Ltd,1164.73,-3,4.19,3.67,6.56,4.92,140,136.9,-2.21,206.55,206.71,47.54,2010,12,4,7.061102779,4.806666667,0.8516260163,0.7459349593,1.333333333,0.8758949881,Medium,Low,,
2010-12-15 00:00:00,MOIL Ltd,1237.51,150,49.16,143.3,32.86,56.43,375,551,46.93,321.8,322.4,-14.19,2010,12,4,7.121664323,75.10666667,0.8711678185,2.539429382,0.5823143718,2.914971522,Medium,Medium,,
2010-12-20 00:00:00,Claris Lifescience Ltd,300,-10,1.31,2.03,1.6,1.5,228,224.4,-1.58,396.55,,73.93,2010,12,4,5.707110265,1.646666667,0.8733333333,1.353333333,1.066666667,1.549618321,Small,Medium,,
2010-12-06 00:00:00,RPP Infra Projects Ltd,48.75,5,0.16,7.27,5.6,2.97,75,75,0,116.3,116.49,55.07,2010,12,4,3.907010464,4.343333333,0.05387205387,2.447811448,1.885521886,45.4375,Small,Low,,
2010-11-25 00:00:00,Power Grid Corporation of India Ltd,7442.34,4,115.9,40.34,6.77,64.82,90,95,5.56,285.75,286.2,217.5,2010,11,4,8.915074952,54.33666667,1.788028386,0.6223387843,0.1044430731,0.3480586713,Large,Low,,
2010-11-16 00:00:00,Gravita India Ltd,45,40,6.04,182.52,37.34,42.88,125,218.75,75,1783.65,1789,1326.92,2010,11,4,3.828641396,75.3,0.140858209,4.256529851,0.8708022388,30.21854305,Small,Low,,
2010-11-04 00:00:00,Coal India Ltd,15199.4,55,24.7,25.4,2.31,15.28,245,287.75,17.45,385,385,57.14,2010,11,4,9.629077022,17.47,1.616492147,1.662303665,0.1511780105,1.028340081,Large,Medium,,
2010-10-27 00:00:00,Shah Metacorp Ltd,54.67,20,1.54,33.44,8,8.59,71,76.6,7.89,3.57,3.58,-94.97,2010,10,4,4.019441402,14.32666667,0.1792782305,3.892898719,0.9313154831,21.71428571,Small,Low,,
2010-10-27 00:00:00,Prestige Estates Projects Ltd,1200,-10,4.32,0.24,0.08,2.26,183,190,3.83,1629.15,1631.9,790.25,2010,10,4,7.090909822,1.546666667,1.911504425,0.1061946903,0.03539823009,0.05555555556,Medium,Low,,
2010-10-27 00:00:00,BS Ltd,190.45,-10,0.52,3.16,1.04,1.1,248,251,1.21,0.33,0.3,-99.87,2010,10,4,5.254626678,1.573333333,0.4727272727,2.872727273,0.9454545455,6.076923077,Small,Medium,,
2010-10-20 00:00:00,Oberoi Realty Ltd,1028.61,25,22.15,3.61,0.94,12.13,260,280,7.69,1607.4,1610.8,518.23,2010,10,4,6.936935369,8.9,1.826051113,0.2976092333,0.07749381698,0.162979684,Medium,Medium,,
2010-10-18 00:00:00,Jupiter Wagons Ltd,172.41,15,3.68,0.34,0.38,2.07,127,122.8,-3.31,329.2,329,159.21,2010,10,4,5.155658733,1.466666667,1.777777778,0.1642512077,0.1835748792,0.09239130435,Small,Low,,
2010-10-14 00:00:00,Bedmutha Industries Ltd,91.8,8,0.67,29.19,8.51,7.69,102,114.4,12.16,140.2,140.15,37.45,2010,10,4,4.53044664,12.79,0.08712613784,3.795838752,1.10663199,43.56716418,Small,Low,,
2010-10-14 00:00:00,Sea TV Network Ltd,50.2,-5,1.66,40.94,7.45,9.58,100,120,20,4.94,,-95.06,2010,10,4,3.935739532,16.68333333,0.1732776618,4.27348643,0.7776617954,24.6626506,Small,Low,,
2010-10-14 00:00:00,Ashoka Buildcon Ltd,225,35,25.52,13.91,3.46,15.94,324,333.55,2.95,185.2,185.15,-42.84,2010,10,4,5.420534999,14.29666667,1.601003764,0.8726474279,0.21706399,0.5450626959,Small,Medium,,
2010-10-12 00:00:00,Tecpro Systems Ltd,267.91,50,27.99,62.48,9.07,24.47,355,399.4,12.51,4.53,5.75,-98.72,2010,10,4,5.594376751,33.18,1.143849612,2.553330609,0.3706579485,2.232225795,Small,Medium,,
2010-10-13 00:00:00,Va Tech Wabag Ltd,472.59,235,36.13,100.98,8.55,36.22,1310,1655,26.34,1522,1525.1,16.18,2010,10,4,6.160341968,48.55333333,0.997515185,2.787962452,0.2360574268,2.794907279,Small,High,,
2010-10-12 00:00:00,Cantabil Retail India Ltd,105,-10,1.71,3.83,2.63,2.35,135,133.8,-0.89,248.2,248.65,83.85,2010,10,4,4.663439094,2.723333333,0.7276595745,1.629787234,1.119148936,2.239766082,Small,Low,,
2010-10-08 00:00:00,Orient Green Power Company Ltd,900,-2,2.09,0.64,0.18,1.07,47,45.7,-2.77,13.25,13.26,-71.81,2010,10,4,6.803505258,0.97,1.953271028,0.5981308411,0.1682242991,0.3062200957,Medium,Low,,
2010-10-08 00:00:00,Ramky Infrastructure Ltd,530,-5,4.52,1.45,0.99,2.89,450,450,0,556,557.3,23.56,2010,10,4,6.274762021,2.32,1.564013841,0.5017301038,0.3425605536,0.3207964602,Medium,Medium,,
2010-10-08 00:00:00,ESL Steel Ltd,248.07,0.5,5.86,28.58,6.19,8.23,11,12.35,12.27,31.05,31,182.27,2010,10,4,5.517733981,13.54333333,0.7120291616,3.472660996,0.752126367,4.877133106,Small,Low,,
2010-10-05 00:00:00,Sastasundar Ventures Ltd,147.5,-10,5.91,35.88,11.04,12.2,118,135.1,14.49,288,289,144.07,2010,10,4,5.000584958,17.61,0.4844262295,2.940983607,0.9049180328,6.07106599,Small,Low,,
2010-10-06 00:00:00,Eros International Media Ltd,350,35,25.79,73.4,11.95,26.51,175,213.35,21.91,7.89,7.81,-95.49,2010,10,4,5.860786223,37.04666667,0.9728404376,2.768766503,0.4507732931,2.846064366,Small,Low,,
2010-10-06 00:00:00,CP Capital Ltd,115,90,47.45,101.93,31.74,47.39,310,461,48.71,162.7,161.95,-47.52,2010,10,4,4.753590191,60.37333333,1.00126609,2.150875712,0.6697615531,2.148155954,Small,Medium,,
2010-10-01 00:00:00,Tirupati Inks Limited,51.5,0,1.78,23.18,12.59,8.77,43,53.95,25.47,1.59,,-96.3,2010,10,4,3.96081317,12.51666667,0.2029646522,2.643101482,1.435575827,13.02247191,Small,Low,,
2010-09-29 00:00:00,Indosolar Limited,357,-2,1.44,1.3,1.81,1.55,29,29.75,2.59,377.9,378.2,1203.1,2010,9,3,5.880532986,1.516666667,0.9290322581,0.8387096774,1.167741935,0.9027777778,Small,Low,,
2010-09-09 00:00:00,Gujarat Pipavav Port Limited,553.85,12,13.2,85.7,9.15,19.94,46,56.25,22.28,157,157.4,241.3,2010,9,3,6.318697807,36.01666667,0.6619859579,4.297893681,0.4588766299,6.492424242,Medium,Low,,
2010-08-25 00:00:00,Prakash Steelage Limited,68.75,15,1.27,10.91,6.62,4.53,110,118.55,7.77,5.74,5.76,-94.78,2010,8,3,4.244917421,6.266666667,0.2803532009,2.408388521,1.461368653,8.590551181,Small,Low,,
2010-08-18 00:00:00,Bajaj Consumer Care Limited,297,90,20.19,53.49,6.62,19.29,660,730,10.61,228.15,226.61,-65.43,2010,8,3,5.697093487,26.76666667,1.046656299,2.772939347,0.3431829964,2.649331352,Small,High,,
2010-08-16 00:00:00,Bharat Financial Inclusion Limited,1628.78,130,20.38,18.26,2.81,13.69,985,1036,5.18,898.2,898,-8.81,2010,8,3,7.396200315,13.81666667,1.488677867,1.333820307,0.2052593134,0.8959764475,Medium,High,,
2010-08-12 00:00:00,Engineers India Limited,959.35,15,23.43,5.85,2.99,13.36,290,315,8.62,200.9,200.91,-30.72,2010,8,3,6.867297801,10.75666667,1.753742515,0.4378742515,0.2238023952,0.2496798976,Medium,Medium,,
2010-08-04 00:00:00,Midfield Industries Limited,59.85,15,1.86,48.41,13.51,12.92,133,159.4,19.85,12.05,,-90.94,2010,8,3,4.108411819,21.26,0.1439628483,3.746904025,1.045665635,26.02688172,Small,Low,,
2010-07-21 00:00:00,Hindustan Media Ventures Limited,270,10,8.98,3.39,1,5.43,166,170,2.41,86.02,86.5,-48.18,2010,7,3,5.602118821,4.456666667,1.653775322,0.6243093923,0.1841620626,0.3775055679,Small,Low,,
2010-07-16 00:00:00,Technofab Engineers Limited,71.66,20,4.28,48.85,10.03,12.78,240,265,10.42,6.85,6.15,-97.15,2010,7,3,4.285791027,21.05333333,0.3348982786,3.822378717,0.7848200313,11.4135514,Small,Medium,,
2010-07-28 00:00:00,Shri Aster Silicates Limited,53.1,-9,0.01,12.46,7.41,4.47,118,127.7,8.22,1.28,1.4,-98.92,2010,7,3,3.990834186,6.626666667,0.002237136465,2.787472036,1.657718121,1246,Small,Low,,
2010-07-01 00:00:00,Parabolic Drugs Limited,200,4,1.48,1.2,0.4,1.04,75,76,1.33,5.7,5.5,-92.4,2010,7,3,5.303304908,1.026666667,1.423076923,1.153846154,0.3846153846,0.8108108108,Small,Low,,
2010-06-11 00:00:00,Standard Chartered (India) Limited,2486.35,2,4.15,1.9,0.25,2.2,104,105,0.96,36.2,36.35,-65.19,2010,6,2,7.818973166,2.1,1.886363636,0.8636363636,0.1136363636,0.4578313253,Large,Low,,
2010-05-21 00:00:00,Jaypee Infratech Limited,2257.6,-6,1.77,1.15,0.61,1.24,102,93,-8.82,1.27,1.25,-98.75,2010,5,2,7.722500431,1.176666667,1.427419355,0.9274193548,0.4919354839,0.6497175141,Large,Low,,
2010-05-20 00:00:00,SJVN Limited,1062.51,1,9.03,3.39,3.12,6.64,26,28,7.69,97.85,97.66,276.35,2010,5,2,6.969330038,5.18,1.359939759,0.5105421687,0.4698795181,0.3754152824,Medium,Low,,
2010-05-19 00:00:00,GB Global Limited,107.9,13,7.97,10.52,2.81,6.32,130,132.7,2.08,9.8,9.3,-92.46,2010,5,2,4.69043003,7.1,1.261075949,1.664556962,0.4446202532,1.319949812,Small,Low,,
2010-05-18 00:00:00,Tarapur Transformers Limited,63.75,-2,0.03,5.08,2.74,1.74,75,75,0,24.74,24.9,-67.01,2010,5,2,4.170533701,2.616666667,0.01724137931,2.91954023,1.574712644,169.3333333,Small,Low,,
2010-05-13 00:00:00,Satchmo Holdings Limited,405,-10,2.54,0.22,0.16,1.16,54,50,-7.41,3.8,1.6,-92.96,2010,5,2,6.00635316,0.9733333333,2.189655172,0.1896551724,0.1379310345,0.08661417323,Small,Low,,
2010-05-10 00:00:00,Talwalkars Better Value Fitness Limited,77.44,15,35.43,51.48,8.43,28.39,128,138,7.81,1.45,1.45,-98.87,2010,5,2,4.362334001,31.78,1.247974639,1.813314547,0.2969355407,1.453005927,Small,Low,,
2010-04-16 00:00:00,Goenka Diamond & Jewellery Limited,126.51,-10,0.78,3,0.66,1.07,135,130,-3.7,0.82,0.82,-99.39,2010,4,2,4.848194793,1.48,0.7289719626,2.803738318,0.6168224299,3.846153846,Small,Low,,
2010-04-12 00:00:00,Intrasoft Technologies Limited,53.65,15,21.97,21.6,13.51,18.95,145,140,-3.45,96.25,96.3,-33.62,2010,4,2,4.000949215,19.02666667,1.159366755,1.139841689,0.7129287599,0.983158853,Small,Low,,
2010-04-09 00:00:00,Shree Ganesh Jewellery House (I) Limited,371.02,-10,1.38,6.13,1.39,1.96,260,258.85,-0.44,0.82,1.05,-99.68,2010,4,2,5.918947616,2.966666667,0.7040816327,3.12755102,0.7091836735,4.442028986,Small,Medium,,
2010-04-06 00:00:00,Persistent Systems Limited,168.01,70,144.43,107.73,21.69,93.6,310,400,29.03,5215.35,5221,1582.37,2010,4,2,5.129957885,91.28333333,1.543055556,1.150961538,0.2317307692,0.7458976667,Small,Medium,,
2010-03-30 00:00:00,IL&FS Transportation Networks Limited,700,15,52.61,39.39,4.56,33.42,258,287,11.24,2.97,2.97,-98.85,2010,3,1,6.552507887,32.18666667,1.574207062,1.178635548,0.1364452424,0.748716974,Medium,Medium,,
2010-04-05 00:00:00,Pradip Overseas Limited,116.6,-5,8.57,45.35,10.53,14.08,110,120,9.09,1.14,1.15,-98.96,2010,4,2,4.767289035,21.48333333,0.6086647727,3.220880682,0.7478693182,5.291715286,Small,Low,,
2010-03-29 00:00:00,NMDC Limited,9967.3,-10,2.28,0.22,0.22,1.25,300,295.7,-1.43,71.13,70.98,-76.29,2010,3,1,9.207165337,0.9066666667,1.824,0.176,0.176,0.09649122807,Large,Medium,,
2010-03-29 00:00:00,DQ Entertainment (International) Limited,128.16,30,93.86,272.88,19.45,86.33,80,135,68.75,1.03,0.85,-98.71,2010,3,1,4.861051946,128.73,1.087223445,3.160894243,0.2252982741,2.907308758,Small,Low,,
2010-03-18 00:00:00,United Bank of India,324.98,12,47.08,39.15,9.8,33.38,66,77,16.67,4.48,4.5,-93.21,2010,3,1,5.78683603,32.01,1.410425404,1.172857999,0.2935889754,0.8315632965,Small,Low,,
2010-03-08 00:00:00,REC Limited,3529.94,11,39.3,27.12,7.68,27.91,203,230,13.3,387.6,387.75,90.94,2010,3,1,8.169319403,24.7,1.408097456,0.9716947331,0.2751701899,0.6900763359,Large,Medium,,
2010-03-11 00:00:00,Man Infraconstruction Limited,141.75,45,96.06,104.57,10.26,62.53,252,335,32.94,164.9,164.88,-34.56,2010,3,1,4.961094849,70.29666667,1.536222613,1.672317288,0.164081241,1.088590464,Small,Medium,,
2010-03-10 00:00:00,Texmo Pipes and Products Limited,45,10,1.02,30.5,7.26,7.48,90,101.5,12.78,56.91,57.41,-36.77,2010,3,1,3.828641396,12.92666667,0.1363636364,4.077540107,0.9705882353,29.90196078,Small,Low,,
2010-02-25 00:00:00,Hathway Cable & Datacom Limited,666,-5,1.43,4.29,0.28,1.36,240,246,2.5,14.35,14.33,-94.02,2010,2,1,6.502790046,2,1.051470588,3.154411765,0.2058823529,3,Medium,Medium,,
2010-03-03 00:00:00,ARSS Infrastructure Projects Limited,103,100,49.34,124.53,18.55,47.62,450,640,42.22,54.6,54.18,-87.87,2010,3,1,4.644390899,64.14,1.036119278,2.615077698,0.3895422092,2.523915687,Small,Medium,,
2010-02-19 00:00:00,NTPC Limited,8478.75,2,2.18,0.43,0.16,1.2,201,204,1.49,338.75,339.25,68.53,2010,2,1,9.045436247,0.9233333333,1.816666667,0.3583333333,0.1333333333,0.1972477064,Large,Medium,,
2010-02-24 00:00:00,Emmbi Industries Limited,38.96,5,0.43,5.55,0.46,1.2,45,45.5,1.11,105.05,104.34,133.44,2010,2,1,3.687878954,2.146666667,0.3583333333,4.625,0.3833333333,12.90697674,Small,Low,,
2010-02-24 00:00:00,Valor Estates Limited,1500,-20,4.47,4.25,0.37,2.95,468,430,-8.12,179.9,179.06,-61.56,2010,2,1,7.313886832,3.03,1.515254237,1.440677966,0.1254237288,0.9507829978,Medium,Medium,,
2010-02-19 00:00:00,Thangamayil Jewellery Limited,28.75,8,0.52,1.52,2.26,1.12,75,70,-6.67,1967.75,1964.9,2523.67,2010,2,1,3.392829132,1.433333333,0.4642857143,1.357142857,2.017857143,2.923076923,Small,Low,,
2010-02-15 00:00:00,Syncom Healthcare Limited,56.25,-5,0.99,16.6,6.25,5.17,75,88,17.33,4.12,4.2,-94.51,2010,2,1,4.047427642,7.946666667,0.1914893617,3.210831721,1.208897485,16.76767677,Small,Low,,
2010-02-15 00:00:00,Vascon Engineers Limited,178.2,-10,1.12,3.65,0.62,1.22,165,170,3.03,49.15,49.22,-70.21,2010,2,1,5.188502501,1.796666667,0.9180327869,2.991803279,0.5081967213,3.258928571,Small,Low,,
2010-02-23 00:00:00,Aqua Logistics Limited,150,-7,0.26,5.07,3,1.94,220,219.4,-0.27,1.36,1.4,-99.38,2010,2,1,5.017279837,2.776666667,0.1340206186,2.613402062,1.546391753,19.5,Small,Medium,,
2010-02-08 00:00:00,Jubilant Foodworks Limited,328.72,30,59.39,51.95,3.79,31.11,145,161.6,11.45,635.05,635.5,337.97,2010,2,1,5.798243809,38.37666667,1.909032465,1.669881067,0.1218257795,0.8747263849,Small,Low,,
2010-01-29 00:00:00,Birla Shloka Edutech Limited,34.78,2,0,5.45,1.76,1.43,50,49,-2,1.46,,-97.08,2010,1,1,3.577389078,2.403333333,0,3.811188811,1.230769231,,Small,Low,,
2010-02-03 00:00:00,Infinite Computer Solutions Limited,189.8,35,48.44,106.02,11.08,43.22,165,178.35,8.09,473.75,473.75,187.12,2010,2,1,5.251225759,55.18,1.120777418,2.453031004,0.256362795,2.188687036,Small,Low,,
2010-01-06 00:00:00,D B Corp Limited,384.22,35,68.52,26.17,3.42,39.54,212,250,17.92,274.75,273,29.6,2010,1,1,5.9538146,32.70333333,1.73292868,0.6618614062,0.08649468892,0.3819322825,Small,Medium,,
2010-01-05 00:00:00,Godrej Properties Limited,468.85,40,7.45,0.41,0.38,4,490,510,4.08,1956.8,1952.1,299.35,2010,1,1,6.152413495,2.746666667,1.8625,0.1025,0.095,0.05503355705,Small,Medium,,
2010-01-04 00:00:00,JSW Energy Limited,2700,6,2.88,0.15,0.4,1.68,100,102,2,536.3,536.4,436.3,2010,1,1,7.901377354,1.143333333,1.714285714,0.08928571429,0.2380952381,0.05208333333,Large,Low,,
2010-01-11 00:00:00,MBL Infrastructure Limited,102.6,15,3.35,2.65,0.4,1.97,180,190,5.56,40.75,40.78,-77.36,2010,1,1,4.64053733,2.133333333,1.700507614,1.345177665,0.2030456853,0.7910447761,Small,Low,,